species,shape,D.low,D.high,D.mean,L.low,L.high,L.mean,P.low,P.high,P.mean,Dh.low,Dh.high,Dh.mean,Reference,Reference title,page,comment,curation_type,,
Acholeplasma laidlawii,sphere,0.6,1.2,0.9,,,,,,,,,,Wieslander et al. 1995,Membrane Lipid Composition and Cell Size of Acholeplasma laidlawii Strain A are Strongly Influenced by Lipid Acyl Chain Length,p. 736,"For cells reared with long-chain fatty acids, as these ought to grow faster.",Direct,,
Acholeplasma laidlawii,sphere,,,0.5,,,,,,,,,,Maniloff1972,Cell biology of the mycoplasmas,p. 264,,Direct,,
Acholeplasma laidlawii,sphere,0.07,1.3,0.685,,,,,,,,,,Meloni1980,"Colony Morphology, Ultrastructure and Morphogenesis in Mycoplasma hominis, Acholeplasma laidlawii and Ureaplasma urealyticum",p. 440,,Direct,,
Achromobacter sediminum,rod,0.2,0.3,0.25,0.8,1.2,1,,,,,,,Zhang et al. 2014,"Achromobacter sediminum sp. nov., isolated from deep subseafloor sediment of South Pacific Gyre",p. 2247,,Direct,,
Achromobacter ruhlandii,rod,0.4,0.75,0.5,0.75,2,1.1,,,,,,,Packer and Vishniac 1955,CHEMOSYNTHETIC FIXATION OF CARBON DIOXIDE AND CHARACTERISTICS OF HYDROGENASE IN RESTING CELL SUSPENSIONS OF HYDROGENOMONAS RUHLANDII NOV. SPEC,p. 217,,Direct,,
Achromobacter xylosoxidans,rod,0.8,1.2,1,2.5,3,2.75,,,,,,,Yabuuchi et al. 1974,Description of Achromobacter xylosoxidans Yabuuchi and Ohyama 1971,p. 472,,Direct,,
Acidovorax facilis,rod,,,0.4,,,2.5,,,,,,,Schatz and Bovell 1952,"GROWTH AND HYDROGENASE ACTIVITY OF A NEW BACTERIUM, HYDROGENOMONAS FACILIS",p. 88,For heterotrophic bacterium,Direct,,
Aeromonas hydrophila,rod,,,0.73,,,1.77,,,,,,,Trousselier et al. 1997,Variation of carbon content among bacterial speciesunder starvation condition,p. 117; Table 1,For time point t0.,Direct,,
Aeromonas salmonicida,rod,0.5,1,0.75,0.5,6,3.25,,,,,,,https://nas.er.usgs.gov/queries/greatlakes/FactSheet.aspx?SpeciesID=2353,,url,,Direct,,
Agrobacterium tumefaciens,rod,0.6,1,0.8,1.5,3,2.25,,,,,,,Bergey's manual (2005; 2nd ed.; Vol. 2; Part C),,p. 340,,Direct,,
Alcaligenes aestus,rod,0.5,1.2,0.85,1,3,2,,,,,,,Busse and Auling 2015,Bergey's Manual of Systematics of Archaea and Bacteria -- Alcaligenes,Abstract,Group-specific,Direct,,
Alcaligenes aestus,rod,0.2,1,0.6,0.5,2.6,1.55,,,,,,,Bergey's manual (2005; 2nd ed.; Vol. 2; Part C),,p. 647,,Direct,,
Alcaligenes odorans,rod,,,0.6,,,1.5,,,,,,,Mitchell and Clarke 1965,An Alcaligenes Species with Distinctive Properties Isolated from Human Sources,1st paragraph in Results section,,Direct,,
Alkalibacterium iburiense,rod,0.5,0.7,0.6,1.3,2.7,2,,,,,,,Nakajima et al. 2005,"Alkalibacterium iburiense sp. nov., an obligate alkaliphile that reduces an indigo dye",p. 1529,,Direct,,
Alkalibacterium psychrotolerans,rod,0.400,0.900,0.65,0.700,3.100,1.9,,,,,,,Yumoto et al. 2004,"Alkalibacterium psychrotolerans sp. nov., a psychrotolerant obligate alkaliphile that reduces an indigo dye",p. 2382,,Direct,,
Alteromonas denitrificans,rod,0.5,0.7,0.6,2,4,3,,,,,,,Enger et al. 1987,Characterization of Alteromonas denitrificans sp. nov.,p. 421,,Direct,,
Alteromonas espejiana,rod,0.2,1,0.6,2,3.5,2.75,,,,,,,Chan et al. 1978,Two New Species of Alteromonas: Alteromonas espejiana and Alteromonas undina,p. 220,,Direct,,
Alteromonas haloplanktis,rod,,,0.62,,,1.43,,,,,,,Trousselier et al. 1997,Variation of carbon content among bacterial speciesunder starvation condition,p. 117; Table 1,syn. Altreromonas tetraodonis,Direct,,
Alteromonas infernus,rod,0.6,0.8,0.7,1.4,2,1.7,,,,,,,Reguenes et al. 1997,"Alteromonas infernus sp. nov., a new polysaccharide-producing bacterium isolated from a deep-sea hydrothermal vent",p. 428,,Direct,,
Alteromonas macleodii,rod,0.6,0.8,0.7,1.4,2,1.7,,,,,,,Reguenes et al. 1996,"Description of a new polymer-secreting bacterium from a deep-sea hydrothermal vent, Alteromonas macleodii subsp. fijiensis, and preliminary characterization of the polymer",p. 68,,Direct,,
Alteromonas nigrifaciens,rod,,,0.7,,,1.13,,,,,,,Trousselier et al. 1997,Variation of carbon content among bacterial speciesunder starvation condition,p. 117; Table 1,,Direct,,
Alteromonas rubra,rod,,,0.79,,,1.69,,,,,,,Trousselier et al. 1997,Variation of carbon content among bacterial speciesunder starvation condition,p. 117; Table 1,,Direct,,
Alteromonas undina,rod,0.7,0.9,0.8,1.8,3,2.4,,,,,,,Chan et al. 1978,Two New Species of Alteromonas: Alteromonas espejiana and Alteromonas undina,p. 220,,Direct,,
Amoebobacter purpureus,rod,1.9,2.3,2.1,2,3.2,2.6,,,,,,,Imhoff 2001,"Transfer of Rhodopseudomonas acidophila to the new genus Rhodoblastus as Rhodoblastus acidophilus gen. nov., comb. nov.",p. 52,,Direct,,
Arcobacter butzleri,rod,0.2,0.4,0.3,1,3,2,,,,,,,Chieffi et al. 2020,"Arcobacter butzleri: Up-to-date taxonomy, ecology, and pathogenicity of an emerging pathogen",p. 2072,,Direct,,
Arcobacter anaerophilus,rod,0.1,0.3,0.2,1,2,1.5,,,,,,,Jyothsna et al. 2014,"Arcobacter anaerophilus sp. nov., isolated from an estuarine sediment and emended description of the genus Arcobacter",p. 4624,,Direct,,
Arhodomonas aquaeolei,rod,0.8,1,0.9,2,2.5,2.25,,,,,,,Ventosa et al. 1998,Biology of Moderately Halophilic Aerobic Bacteria,p. 508; Table 2,,Direct,,
Arthrobacter globiformis,rod,0.6,0.8,0.7,1,1.5,1.25,,,,,,,Conn and Dimmick 1947,Soil Bacteria Similar in Morphology to Mycobacterium and Corynebacterium,p. 301,,Direct,,
Azotobacter vinelandii,sphere,2.06,2.41,2.235,,,,,,,,,,Allmand et al. 1990,"Growth of Azotobacter vinelandii with correlation of coulter cell size, flow cytometric parameters, and ultrastructure",Abstract,,Direct,,
Azotobacter chroococcum,rod,1.5,2.3,1.9,3,7,5,,,,,,,Liu et al. 2019,"Azotobacter bryophylli sp. nov., isolated from the succulent plant Bryophyllum pinnatum ",p. 1989; Table 2,,Direct,,
Azotobacter chroococcum,rod,,,2,,,4,,,,,,,Bergey's manual (2005; 2nd ed.; Vol. 2; Part B),,p. 384,,Direct,,
Azotobacter beijerinckii,rod,1.7,2.7,2.2,3.2,5.3,4.25,,,,,,,Liu et al. 2019,"Azotobacter bryophylli sp. nov., isolated from the succulent plant Bryophyllum pinnatum",p. 1989; Table 2,,Direct,,
Azotobacter paspali,rod,1.3,1.9,1.6,3.2,10.9,7.05,,,,,,,Liu et al. 2019,"Azotobacter bryophylli sp. nov., isolated from the succulent plant Bryophyllum pinnatum",p. 1989; Table 2,,Direct,,
Azotobacter salinestris,rod,2,2,2,3,4,3.5,,,,,,,Liu et al. 2019,"Azotobacter bryophylli sp. nov., isolated from the succulent plant Bryophyllum pinnatum",p. 1989; Table 2,,Direct,,
Azotobacter bryophilli,rod,0.6,0.8,0.7,1,2,1.5,,,,,,,Liu et al. 2019,"Azotobacter bryophylli sp. nov., isolated from the succulent plant Bryophyllum pinnatum",p. 1989; Table 2,,Direct,,
Bacillus brevis,rod,0.5,0.9,0.7,2,4,3,,,,,,,Takagi et al. 1993,"Characterization of Bacillus brevis with Descriptions of Bacillus migulanus sp. nov., Bacillus choshinensis sp. nov., Bacillus parabrevis sp. nov., and Bacillus galactophilus sp. nov.",p. 228,,Direct,,
Bacillus brevis,rod,0.6,0.9,0.75,1.5,4,2.75,,,,,,,Bergey's 1957 Manual,,p. 630,,Direct,,
Bacillus anthracis,rod,0.7,0.8,0.75,3,4,3.5,,,,,,,Zaman et al. 2005,Imaging and analysis of Bacillus anthracis spore germination,p. 309,,Direct,,
Bacillus cereus,rod,,,1,3,5,4,,,,,,,Liu et al. 2017,Proposal of nine novel species of the Bacillus cereus group,p. 2501; Table 1,,Direct,,
Bacillus bingmayongensis,rod,1.1,1.8,1.45,1.6,3.3,2.45,,,,,,,Liu et al. 2017,Proposal of nine novel species of the Bacillus cereus group,p. 2501; Table 1,,Direct,,
Bacillus circulans,rod,0.5,0.7,0.6,2,5,3.5,,,,,,,Bergey's 1957 Manual,,p. 628,,Direct,,
Bacillus coagulans,rod,0.6,1,0.8,2.5,5,3.75,,,,,,,Bergey's 1957 Manual,,p. 622,,Direct,,
Bacillus firmus,rod,0.6,0.9,0.75,1.2,4,2.6,,,,,,,Kanso et al. 2002,"Bacillus subterraneus sp. nov., an iron- and manganese-reducing bacterium from a deep subsurface Australian thermal aquifer.",p. 873; Table 1,,Direct,,
Bacillus gaemokensis,rod,1.5,2,1.75,6,7,6.5,,,,,,,Liu et al. 2017,Proposal of nine novel species of the Bacillus cereus group,p. 2501; Table 1,,Direct,,
Bacillus laterosporus,rod,0.5,0.8,0.65,2,5,3.5,,,,,,,Bergey's 1957 Manual,,p. 629,,Direct,,
Bacillus licheniformis,rod,0.6,0.8,0.7,1.5,3,2.25,,,,,,,Ghaly et al. 2007,Production of Levan by Bacillus licheniformis for Use as a Soil Sealant in Earthen Manure Storage Structures,p. 50; Table 2,,Direct,,
Bacillus macerans,rod,0.5,0.7,0.6,2.5,5,3.75,,,,,,,Bergey's 1957 Manual,,p. 626,,Direct,,
Bacillus manliponensis,rod,1.5,2,1.75,6,7.8,6.9,,,,,,,Liu et al. 2017,Proposal of nine novel species of the Bacillus cereus group,p. 2501; Table 1,,Direct,,
Bacillus megaterium,rod,1.2,1.5,1.35,2,4,3,,,,,,,Bergey's 1957 Manual,,p. 616,,Direct,,
Bacillus megaterium,rod,,,1.5,,,3,,,,,,,Schneider and Doetsch 1974,Effect of Viscosity on Bacterial Motility,p. 696; Table 1,,Direct,,
Bacillus migulans,rod,0.5,1,1.5,2,6,1.5,,,,,,,Takagi et al. 1993,"Characterization of Bacillus brevis with Descriptions of Bacillus migulanus sp. nov., Bacillus choshinensis sp. nov., Bacillus parabrevis sp. nov., and Bacillus galactophilus sp. nov.",p. 229,,Direct,,
Bacillus mycoides,rod,1,2,1.5,3,2.25,1.5,,,,,,,Liu et al. 2017,Proposal of nine novel species of the Bacillus cereus group,p. 2501; Table 1,,Direct,,
Bacillus polymyxa,rod,0.6,1,0.8,2,7,4.5,,,,,,,Bergey's 1957 Manual,,p. 625,,Direct,,
Bacillus pseudomycoides,rod,1,2,1.5,3,2.25,1.5,,,,,,,Liu et al. 2017,Proposal of nine novel species of the Bacillus cereus group,p. 2501; Table 1,,Direct,,
Bacillus pumilus,rod,0.5,0.7,0.6,2,3,2.5,,,,,,,Hayase et al. 2004,Proposal of nine novel species of the Bacillus cereus group,p. 132; Table 1,,Direct,,
Bacillus pumilus,rod,0.6,0.7,0.65,2,3,2.5,,,,,,,Bergey's 1957 Manual,,p. 622,,Direct,,
Bacillus subtilis,rod,,,0.650,,,2.6,,,,,,,Milo et al. 2010,BNID 115203,url,,Direct,,
Bacillus thuringiensis,rod,0.600,0.800,0.7,1.500,3.000,2.25,,,,,,,Bergey's 1957 Manual,,p. 619,,Direct,,
Bacillus thuringiensis,rod,1.000,1.200,1.1,3.000,5.000,4,,,,,,,Rabinovitch et al. 2017,"Bacillus thuringiensis Characterization: Morphology, Physiology, Biochemistry, Pathotype, Cellular, and Molecular Aspects",p. 3,,Direct,,
Bacillus toyonensis,rod,1.000,2.000,1.5,3.000,4.400,3.7,,,,,,,Liu et al. 2017,Proposal of nine novel species of the Bacillus cereus group,p. 2501; Table 1,,Direct,,
Bacillus wiedmannii,rod,1.200,1.200,1.2,2.800,2.800,2.8,,,,,,,Liu et al. 2017,Proposal of nine novel species of the Bacillus cereus group,p. 2501; Table 1,,Direct,,
Bacillus paranthracis,rod,1.200,1.400,1.3,2.800,3.300,3.05,,,,,,,Liu et al. 2017,Proposal of nine novel species of the Bacillus cereus group,p. 2501; Table 1,,Direct,,
Bacillus pacificus,rod,1.200,1.600,1.4,3.000,4.000,3.5,,,,,,,Liu et al. 2017,Proposal of nine novel species of the Bacillus cereus group,p. 2501; Table 1,,Direct,,
Bacillus tropicus,rod,1.300,1.600,1.45,2.200,2.600,2.4,,,,,,,Liu et al. 2017,Proposal of nine novel species of the Bacillus cereus group,p. 2501; Table 1,,Direct,,
Bacillus albus,rod,1.300,1.500,1.4,2.800,3.200,3,,,,,,,Liu et al. 2017,Proposal of nine novel species of the Bacillus cereus group,p. 2501; Table 1,,Direct,,
Bacillus mobilis,rod,1.200,1.600,1.4,2.500,3.200,2.85,,,,,,,Liu et al. 2017,Proposal of nine novel species of the Bacillus cereus group,p. 2501; Table 1,,Direct,,
Bacillus luti,rod,1.200,1.300,1.25,2.200,2.500,2.35,,,,,,,Liu et al. 2017,Proposal of nine novel species of the Bacillus cereus group,p. 2501; Table 1,,Direct,,
Bacillus proteolyticus,rod,1.600,1.800,1.7,2.800,3.600,3.2,,,,,,,Liu et al. 2017,Proposal of nine novel species of the Bacillus cereus group,p. 2501; Table 1,,Direct,,
Bacillus nitratireducens,rod,1.000,1.500,1.25,2.700,3.000,2.85,,,,,,,Liu et al. 2017,Proposal of nine novel species of the Bacillus cereus group,p. 2501; Table 1,,Direct,,
Bacillus paramycoides,rod,0.800,1.200,1,1.800,2.200,2,,,,,,,Liu et al. 2017,Proposal of nine novel species of the Bacillus cereus group,p. 2501; Table 1,,Direct,,
Bdellovibrio bacteriovorus,rod,,,0.25,,,1.4,,,,,,,Brennen and Winet 1977,Fluid Mechanics of Propulsion by Cilia and Flagella,p. 354; Table 3,,Direct,,
Brevundimonas diminuta,rod,,,0.4,,,0.77,,,,,,,Wang et al. 2008,"Influence of Size, Shape, and Flexibility on Bacterial Passage through Micropore Membrane Filters",p. 6751; Table 1,,Direct,,
Brochothrix thermosphacta,rod,0.6,0.7,0.65,1,2,1.5,,,,,,,Hardy diagnostics,,url,,Direct,,
Burkholderia cepacia,rod,0.8,0.8,0.8,1,2.8,1.9,,,,,,,Bergey's 1957 Manual,,p. 122,,Direct,,
Burkholderia mallei,rod,,,0.47,,,1.04,,,,,,,Sagripanti et al. 2011,Size distribution and buoyant density of Burkholderia pseudomallei,p. 73; Table 1,,Direct,,
Burkholderia pseudomallei,rod,,,0.64,,,1.64,,,,,,,Sagripanti et al. 2011,Size distribution and buoyant density of Burkholderia pseudomallei,p. 73; Table 1,,Direct,,
Burkholderia thailandensis,rod,,,0.69,,,1.64,,,,,,,Sagripanti et al. 2011,Size distribution and buoyant density of Burkholderia pseudomallei,p. 73; Table 1,,Direct,,
Chimaereicella alkaliphila,rod,,,0.5,2.1,3.3,2.7,,,,,,,Tiago et al. 2006,"Chimaereicella alkaliphila gen. nov., sp. nov., a Gram-negative alkaliphilic bacterium isolated from a nonsaline alkaline groundwater",p. 104,,Direct,,
Clostridium tetani,rod,,,0.5,,,6,,,,,,,Brennen and Winet 1977,Fluid Mechanics of Propulsion by Cilia and Flagella,p. 354; Table 3,,Direct,,
Clostridium pascui,rod,0.75,1,0.875,3.2,8,5.6,,,,,,,Wilde et al. 1997,"Clostridium pascui sp. nov., a New Glutamate-Fermenting Sporeformer from a Pasture in Pakistan",p. 169,,Direct,,
Colwellia demingiae,rod,0.4,0.6,0.5,1.5,4.5,3,,,,,,,Bowman et al. 1998,"Colwellia demingiae sp. nov., Colwellia hornerae sp. nov., Colwellia rossensis sp. nov. and Colwellia psychrotropica sp. nov.: psychrophilic Antarctic species with the ability to synthesize docosahexaenoic acid (22:ω63)",p. 1178,,Direct,,
Colwellia hornerae,rod,0.4,0.8,0.6,1.5,3,2.25,,,,,,,Bowman et al. 1998,"Colwellia demingiae sp. nov., Colwellia hornerae sp. nov., Colwellia rossensis sp. nov. and Colwellia psychrotropica sp. nov.: psychrophilic Antarctic species with the ability to synthesize docosahexaenoic acid (22:ω63)",p. 1178,,Direct,,
Colwellia rossensis,rod,0.4,0.8,0.6,1.5,3,2.25,,,,,,,Bowman et al. 1998,"Colwellia demingiae sp. nov., Colwellia hornerae sp. nov., Colwellia rossensis sp. nov. and Colwellia psychrotropica sp. nov.: psychrophilic Antarctic species with the ability to synthesize docosahexaenoic acid (22:ω63)",p. 1179,,Direct,,
Colwellia psychrotropica,rod,0.4,0.8,0.6,1.5,3,2.25,,,,,,,Bowman et al. 1998,"Colwellia demingiae sp. nov., Colwellia hornerae sp. nov., Colwellia rossensis sp. nov. and Colwellia psychrotropica sp. nov.: psychrophilic Antarctic species with the ability to synthesize docosahexaenoic acid (22:ω63)",p. 1179,,Direct,,
Colwellia psycherythraea,rod,,,0.5,2.5,3.5,3,,,,,,,Jung et al. 2006,"Colwellia aestuarii sp. nov., isolated from a tidal flat sediment in Korea",p. 35; Table 1,,Direct,,
Colwellia aestarii,rod,0.4,0.5,0.45,1.8,3.1,2.45,,,,,,,Jung et al. 2006,"Colwellia aestuarii sp. nov., isolated from a tidal flat sediment in Korea",p. 35; Table 1,,Direct,,
Colwellia piezophila,rod,0.8,1,0.9,2,4,3,,,,,,,Jung et al. 2006,"Colwellia aestuarii sp. nov., isolated from a tidal flat sediment in Korea",p. 35; Table 1,,Direct,,
Colwellia maris,rod,0.6,1,0.8,2,4,3,,,,,,,Jung et al. 2006,"Colwellia aestuarii sp. nov., isolated from a tidal flat sediment in Korea",p. 35; Table 1,,Direct,,
Collwellia marinimaniae,rod,0.4,0.5,0.45,0.8,1.2,1,,,,,,,Kusube2017,"Colwellia marinimaniae sp. nov., a hyperpiezophilic species isolated from an amphipod within the Challenger Deep, Mariana Trench",p. 828,,Direct,,
Corynebacterium glutamicum,rod,0.7,1,0.85,1,3,2,,,,,,,Abe et al. 1967,TAXONOMICAL STUDIES ON GLUTAMIC ACID-PRODUCING BACTERIA ,p. 282; Table 2,,Direct,,
Cupriavidus necator,rod,0.7,0.9,0.8,0.9,1.3,1.1,,,,,,,Makkar et al. 1987,"Cupriavidus necator gen. nov., sp. nov.; a Nonobligate Bacterial Predator of Bacteria in Soil",p. 324,,Direct,,
Silicibacter pomeroyi,rod,,,0.484,,,2.036,,,,,,,Gonzalez et al. 2003,"Silicibacter pomeroyi sp. nov. and Roseovarius nubinhibens sp. nov., dimethylsulfoniopropionate-demethylating bacteria from marine environments",p. 1264; Figure 2DF,,ImageJ,,
Roseovarius nubinhibens,rod,,,0.364,,,1.826,,,,,,,Gonzalez et al. 2003,"Silicibacter pomeroyi sp. nov. and Roseovarius nubinhibens sp. nov., dimethylsulfoniopropionate-demethylating bacteria from marine environments",p. 1264; Figure 2DF,,ImageJ,,
Deleya pacifica,rod,0.8,1.1,0.95,1.5,3,2.25,,,,,,,Bauman et al. 1983,"Description of Deleya gen. nov. Created to Accommodate the Marine Species Alcaligenes aestus, A. pacificus, A. cupidus, A. venustus, and Pseudomonas marina",p. 800,,Direct,,
Delftia acidovorans,rod,0.4,0.8,0.6,2.5,4.1,3.3,,,,,,,Wen et al. 1999,"Phylogenetic relationships among members of the Comamonadaceae, and description of Delftia acidovorans (den Dooren de Jong 1926 and Tamaoka et al. 1987) gen. nov., comb. nov.",p. 573,,Direct,,
Enterobacter cloacae,rod,,,0.58,,,1.2,,,,,,,Trousselier et al. 1997,Variation of carbon content among bacterial speciesunder starvation condition,p. 117; Table 1,,Direct,,
Enterobacter cloacae,rod,0.5,1,0.75,1,2,1.5,,,,,,,Bergey's 1957 Manual,,p. 343,,Direct,,
Enterococcus faecalis,sphere,,,0.94,,,,,,,,,,Kokkinos et al. 1998,Cell size of various lactic acid bacteria as determined byscanning electron microscope and image analysis,p. 496; Table 6,,Direct,,
Enterococcus faecium,sphere,,,0.915,,,,,,,,,,Kokkinos et al. 1998,Cell size of various lactic acid bacteria as determined byscanning electron microscope and image analysis,p. 496; Table 7,,Direct,,
Enterococcus faecalis,sphere,,,0.75,,,,,,,,,,Shuter et al. 1982,Phenotypic Correlates of Genomic DNA Content in Unicellular Eukaryotes and Other Cells,p. 28; Table 1,"From cell volume, assuming spherical shape",Direct,,
Lactobacillus delbrueckii,rod,0.5,0.8,0.65,2,9,5.5,,,,,,,Kokkinos et al. 1998,Cell size of various lactic acid bacteria as determined byscanning electron microscope and image analysis,p. 499,,Direct,,
Erwinia amylovora,rod,0.700,1.000,0.85,0.900,1.500,1.2,,,,,,,Bergey's 1957 Manual,,p. 351,,Direct,,
Escherichia coli,rod,,,0.74,,,1.91,,,,,,,Trousselier et al. 1997,Variation of carbon content among bacterial speciesunder starvation condition,p. 117; Table 1,,Direct,,
Escherichia coli,rod,,,1.5,,,3,,,,,,,Brennen and Winet 1977,Fluid Mechanics of Propulsion by Cilia and Flagella,p. 354; Table 3,,Direct,,
Escherichia coli,rod,,,0.6,,,1.862,,,,,,,Wang et al. 2008,"Influence of Size, Shape, and Flexibility on Bacterial Passage through Micropore Membrane Filters",p. 6751; Table 1,,Direct,,
Flavobacterium gondwanense,rod,0.4,0.8,0.6,1.7,11.7,6.7,,,,,,,Ventosa et al. 1998,Biology of Moderately Halophilic Aerobic Bacteria,p. 508; Table 2,,Direct,,
Haemophilus influenzae,rod,,,0.6005,1.3,2,1.65,,,,,,,Doern1976,Ultrastructural characterization of capsulated Haemophilus influenzae type b and two spontaneous nontypable mutants,"p. 525, Figure 5C",,Direct_ImageJ,,
Haemophilus parainfluenzae,rod,0.64,0.64,0.64,1.33,1.71,1.52,,,,,,,Khan and Gromkova 1981,Occurrence of pili on and adhesive properties of Haemophilus parainfluenzae,p. 1076; Figure 1,,ImageJ,,
Halomonas alimentaria,rod,0.8,1.2,1,1.3,1.9,1.6,,,,,,,Yoon et al. 2002,"Halomonas alimentaria sp. nov., isolated from jeotgal, a traditional Korean fermented seafood.",p. 128,,Direct,,
Halomonas alimentaria,rod,0.8,1.2,1,1.3,1.9,1.6,,,,,,,Gam et al. 2007,"Modicisalibacter tunisiensis gen. nov., sp. nov., an aerobic, moderately halophilic bacterium isolated from an oilfield-water injection sample, and emended description of the family Halomonadaceae Franzmann et al. 1989 emend Dobson and Franzmann 1996 emend. Ntougias et al. 2007",p. 2310; Table 1,,Direct,,
Halomonas halodenitrificans,rod,0.5,0.9,0.7,0.9,1.2,1.05,,,,,,,Ventosa et al. 1998,Biology of Moderately Halophilic Aerobic Bacteria,p. 508; Table 2,,Direct,,
Halomonas halodurans,rod,0.4,0.6,0.5,1.5,2,1.75,,,,,,,Ventosa et al. 1998,Biology of Moderately Halophilic Aerobic Bacteria,p. 508; Table 2,,Direct,,
Halomonas mongoliensis,rod,0.5,1,0.75,0.7,2,1.35,,,,,,,Boltyanskaya et al. 2007,"[Halomonas mongoliensis sp. nov. and Halomonas kenyensis sp. nov., new haloalkaliphilic denitrifiers capable of reducing N2O, isolated from soda lakes] ",p. 745,,Direct,,
Halomonas kenyensis,rod,0.5,0.7,0.6,1.5,2.5,2,,,,,,,Boltyanskaya et al. 2007,"[Halomonas mongoliensis sp. nov. and Halomonas kenyensis sp. nov., new haloalkaliphilic denitrifiers capable of reducing N2O, isolated from soda lakes] ",p. 745,,Direct,,
Halomonas salina,rod,0.7,0.8,0.75,2,2.5,2.25,,,,,,,Ventosa et al. 1998,Biology of Moderately Halophilic Aerobic Bacteria,p. 508; Table 2,,Direct,,
Halomonas ventosae,rod,0.7,0.8,0.75,1.2,1.4,1.3,,,,,,,Boltyanskaya et al. 2007,"[Halomonas mongoliensis sp. nov. and Halomonas kenyensis sp. nov., new haloalkaliphilic denitrifiers capable of reducing N2O, isolated from soda lakes] ",p. 745,,Direct,,
Halomonas ventosae,rod,0.7,0.8,0.75,1.2,1.4,1.3,,,,,,,Gam et al. 2007,"Modicisalibacter tunisiensis gen. nov., sp. nov., an aerobic, moderately halophilic bacterium isolated from an oilfield-water injection sample, and emended description of the family Halomonadaceae Franzmann et al. 1989 emend Dobson and Franzmann 1996 emend. Ntougias et al. 2007",p. 2310; Table 1,,Direct,,
Helicobacter pylori,rod,0.5,1,0.75,2.5,5,3.75,,,,,,,Jalava1997,"Helicobacter salomonis sp. nov., a Canine Gastric Helicobacter sp. Related to Helicobacter felis and Helicobacter bizzozeronii",p. 978; Table 2,,Direct,,
Klebsiella pneumoniae,rod,,,0.58,,,1.29,,,,,,,Rajeshwari et al. 2009,Morphological changes of Klebsiella pneumoniae in response to Cefotaxime: a scanning electron microscope study,p. 2264; Table 1,,Direct,,
Lactobacillus casei,rod,0.7,1.1,0.9,2,4,3,,,,,,,https://genome.jgi.doe.gov/portal/lacca/lacca.home.html,,url,,Direct,,
Lactobacillus plantarum,rod,0.9,1.2,1.05,3,8,5.5,,,,,,,Landete et al. 2010,Chapter 43 - Degradation of Phenolic Compounds Found in Olive Products by Lactobacillus plantarum Strains,p. 387,,Direct,,
Lactobacillus plantarum,rod,0.7,1,0.85,3,8,5.5,,,,,,,Bergey's 1957 Manual,,p. 549,,Direct,,
Lactococcus lactis,sphere,,,0.8616666667,,,,,,,,,,Kokkinos et al. 1998,Cell size of various lactic acid bacteria as determined byscanning electron microscope and image analysis,p. 495; Table 4,,Direct,,
Legionella pneumophila,rod,,,0.55,,,2.625,,,,,,,Wang et al. 2008,"Influence of Size, Shape, and Flexibility on Bacterial Passage through Micropore Membrane Filters",p. 6751; Table 1,,Direct,,
Legionella pneumophila,rod,0.3,0.9,0.6,,,2,,,,,,,Microbe wiki,,url,,Direct,,
Marinomonas vaga,rod,0.8,1.1,0.95,2,2.8,2.4,,,,,,,Gonzales and Whitman 2006,The Prokaryotes -- Oceanospirillum and Related Genera,p. 906; Table 8,,Direct,,
Methylophilus methylotrophus,rod,0.3,0.6,0.45,0.8,1.5,1.15,,,,,,,Jenkins et al. 1987,Methylophilus: A New Genus of Methanol-Utilizing Bacteria,p. 447,,Direct,,
Micrococcus luteus,sphere,,,1.3,,,,,,,,,,Kapralyants and Kell 1993,Dormancy in Stationary-Phase Cultures of Micrococcus luteus: Flow Cytometric Analysis of Starvation and Resuscitation,p. 3189,,Direct,,
Micrococcus luteus,sphere,1,1.2,1.1,,,,,,,,,,Bergey's 1957 Manual,,p. 457,,Direct,,
Mycobacterium avium,rod,,,0.4,,,2.49,,,,,,,McCarthy et al. 1971,Electronic Counting in Growth Studies of Mycobacterium avium,p. 547,,Direct,,
Mycobacterium tuberculosis,rod,0.3,0.6,0.45,0.5,4,2.25,,,,,,,Bergey's 1957 Manual,,p. 701,,Direct,,
Mycobacterium tuberculosis,rod,,,0.345,,,2.71,,,,,,,Yamada et al. 2015,"Structome Analysis of Virulent Mycobacterium tuberculosis, Which Survives with Only 700 Ribosomes per 0.1 fl of Cytoplasm",Abstract,,Direct,,
Mycoplasma gallisepticum,sphere,,,0.324,,,,,,,,,,Shuter et al. 1982,Phenotypic Correlates of Genomic DNA Content in Unicellular Eukaryotes and Other Cells,p. 28; Table 1,,Direct,,
Mycoplasma genitalium,sphere,,,0.2,,,,,,,,,,Karr et al. 2012,A Whole-Cell Computational Model Predicts Phenotype from Genotype,p. 13; Data S1,,Direct,,
Mycoplasma mobile,sphere,,,0.364,,,,,,,,,,Rosengarten et al. 1988,Transport of erythrocytes by gliding cells ofMycoplasma mobile 163K,p. 279; Figure 5A,,ImageJ,,
Mycoplasma pneumoniae,sphere,,,0.458,,,,,,,,,,Hasselbring2006,Terminal organelle development in the cell wall-less bacterium Mycoplasma pneumoniae,p. 16478,,Direct,,
Mycoplasma pneumoniae,sphere,,,0.42,,,,,,,,,,Seybert2006,Structural analysis of Mycoplasma pneumoniae by cryo-electron tomography,p. 352,,Direct,,
Myxococcus xanthus,rod,,,0.5,3,8,5.5,,,,,,,McVittie1962,DEVELOPMENTAL BIOLOGY OF MYXOCOCCUS,p. 547,,Direct,,
Myxococcus xanthus,rod,0.5,1,0.75,4,10,7,,,,,,,Bergey's 1957 Manual,,p. 884,,Direct,,
Nitrobacter winogradskyi,rod,,,0.8,,,1.1,,,,,,,Farges et al. 2012,Axenic Cultures of Nitrosomonas europaea and Nitrobacter winogradskyi in Autotrophic Conditions: a New Protocol for Kinetic Studies,p. 1087; Table 2,,Direct,,
Neisseria gonorrhoeae,sphere,0.6,1,0.8,,,,,,,,,,Bergey's 1957 Manual,,p. 480,,Direct,,
Nitrosomonas europaea,rod,0.9,1,0.95,1.1,1.8,1.45,,,,,,,Bergey's 1957 Manual,,p. 69,,Direct,,
Nitrosomonas europaea,rod,,,0.8,,,1.3,,,,,,,Farges et al. 2012,Axenic Cultures of Nitrosomonas europaea and Nitrobacter winogradskyi in Autotrophic Conditions: a New Protocol for Kinetic Studies,p. 1087; Table 2,,Direct,,
Oenococcus oeni,rod,0.8,0.8,0.8,1.1,1.1,1.1,,,,,,,Sato et al. 2001,Intraspecific diversity of Oenococcus oeni isolated during red wine-making in Japan,p. 110,,Direct,,
Pelagibacter ubique,rod,0.19,0.28,0.235,0.4,1.3,0.85,,,,,,,Zhao et al. 2017,Three-Dimensional Structure of the Ultraoligotrophic Marine Bacterium “Candidatus Pelagibacter ubique”,p. 3,,Direct,,
Photobacterium phosphoreum,sphere,,,1.2,,,,,,,,,,Brennen and Winet 1977,Fluid Mechanics of Propulsion by Cilia and Flagella,p. 354; Table 3,,Direct,,
Propionibacterium acnes,rod,0.4,0.5,0.45,0.8,0.9,0.85,,,,,,,Bergey's 1957 Manual,,p. 595,,Direct,,
Proteus mirabilis,rod,0.5,0.6,0.55,1,3,2,,,,,,,Bergey's 1957 Manual,,p. 366,,Direct,,
Proteus vulgaris,rod,0.5,1,0.75,1,3,2,,,,,,,Bergey's 1957 Manual,,p. 365,,Direct,,
Proteus vulgaris,rod,0.4,0.8,0.6,1,3,2,,,,,,,Hardy Diagnostics,,url,,Direct,,
Pseudomonas aeruginosa,rod,0.64,0.66,0.65,1.37,1.43,1.4,,,,,,,Steinberger et al. 2014,Elongation Correlates with Nutrient Deprivation in Pseudomonas aeruginosa Unsaturated Biofilms,p. 419,,Direct,,
Pseudomonas aeruginosa,rod,0.5,0.6,0.55,,,1.5,,,,,,,Bergey's 1957 Manual,,p. 99,,Direct,,
Pseudomonas aeruginosa,rod,,,0.5,,,1.5,,,,,,,Schneider and Doetsch 1974,Effect of Viscosity on Bacterial Motility,p. 696; Table 1,,Direct,,
Pseudomonas fluorescens,rod,0.3,0.5,0.4,1,1.8,1.4,,,,,,,Bergey's 1957 Manual,,p. 105,,Direct,,
Pseudomonas syringae,rod,0.75,1.5,1.125,1.5,3,2.25,,,,,,,Bergey's 1957 Manual,,p. 128,,Direct,,
Ralstonia solanacearum,rod,,,0.5,,,1.5,,,,,,,Alvarez et al. 2008,Survival strategies and pathogenicity of Ralstonia solanacearum phylotype II subjected to prolonged starvation in environmental water microcosms,p. 3594,,Direct,,
Rhizobium leguminosarum,rod,0.5,0.9,0.7,1.2,3,2.1,,,,,,,Bergey's 1957 Manual,,p. 286,,Direct,,
Rickettsia prowazekii,rod,,,0.3,,,1,,,,,,,Pang and Winkler 1994,The concentrations of stable RNA and ribosomes in Rickettsia prowazekii,NA,"Did not have access to this paper, so trusted Lynch et al. 2021",Direct,,
Ruegeria pomeroyi,rod,0.6,1.6,1.1,1,4,2.5,,,,,,,Wiki,,url,,Direct,,
Salinibacter ruber,rod,,,0.4,2,6,4,,,,,,,Anton et al. 2002,"Salinibacter ruber gen. nov., sp. nov., a novel, extremely halophilic member of the Bacteria from saltern crystallizer ponds.",p. 490,,Direct,,
Salinivibrio costicola,rod,,,0.5,1.5,3.2,2.35,,,,,,,Ventosa et al. 1998,Biology of Moderately Halophilic Aerobic Bacteria,p. 508; Table 2,,Direct,,
Salinivibrio costicola,rod,0.5,0.6,0.55,1,1.8,1.4,,,,,,,Huang et al. 2000,"Salinivibrio costicola subsp. vallismortis subsp. nov., a halotolerant facultative anaerobe from Death Valley, and emended description of Salinivibrio costicola.",Abstract,,Direct,,
Salinivibrio costicola,rod,,,0.5,2,4,3,,,,,,,Bergey's 1957 Manual,,p. 236,,Direct,,
Salmonella typhimurium,rod,,,0.79,,,1.43,,,,,,,Trousselier et al. 1997,Variation of carbon content among bacterial speciesunder starvation condition,p. 117; Table 1,,Direct,,
Salmonella typhimurium,rod,,,0.650,,,2.500,,,,,,,Brennen and Winet 1977,Fluid Mechanics of Propulsion by Cilia and Flagella,p. 354; Table 3,,Direct,,
Sarcina ureae,sphere,,,2,,,,,,,,,,Schneider and Doetsch 1974,Effect of Viscosity on Bacterial Motility,p. 696; Table 1,,Direct,,
Serratia marcescens,rod,,,0.5,0.5,1,0.75,,,,,,,Bergey's 1957 Manual,,p. 361,,Direct,,
Serratia marcescens,rod,,,0.5,,,1,,,,,,,Schneider and Doetsch 1974,Effect of Viscosity on Bacterial Motility,p. 696; Table 1,,Direct,,
Shewanella donghaensis,rod,0.5,0.8,0.65,1,1.5,1.25,,,,,,,Yang et al. 2007,"Shewanella donghaensis sp. nov., a psychrophilic, piezosensitive bacterium producing high levels of polyunsaturated fatty acid, isolated from deep-sea sediments",p. 57,,Direct,,
Shewanella frigidimarina,rod,0.5,0.8,0.65,1.5,2.5,2,,,,,,,Bowman et al. 1997,"Shewanella gelidimarina sp. nov. and Shewanella frigidimarina sp. nov., Novel Antarctic Species with the Ability To Produce Eicosapentaenoic Acid (20:5ω3) and Grow Anaerobically by Dissimilatory Fe(III) Reduction",p. 1045,,Direct,,
Shewanella gelidimarina,rod,0.5,0.8,0.65,1.5,2.5,2,,,,,,,Bowman et al. 1997,"Shewanella gelidimarina sp. nov. and Shewanella frigidimarina sp. nov., Novel Antarctic Species with the Ability To Produce Eicosapentaenoic Acid (20:5ω3) and Grow Anaerobically by Dissimilatory Fe(III) Reduction",p. 1045,,Direct,,
Shewanell oneidensis,rod,,,0.61,,,3.38,,,,,,,Abboud et al. 2005,Low-Temperature Growth of Shewanella oneidensis MR-1,p. 812,,Direct,,
Sphaerotilus natans,rod,1.2,1.8,1.5,3,8,5.5,,,,,,,Stokes 1954,STUDIES ON THE FILAMENTOUS SHEATHED IRON BACTERIUM SPHAEROTILUS NATANS,p. 282,,Direct,,
Sphaerotilus natans,rod,0.6,0.8,0.7,0.8,3,1.9,,,,,,,Lau et al. 1984,Growth Kinetics of Sphaerotilus natans and a Floc Former in Pure and Dual Continuous Culture,p. 43,,Direct,,
Sphaerotilus natans,rod,1,1.4,1.2,1.5,3,2.25,,,,,,,Richard et al. 1985,Growth Kinetics of Sphaerotilus Species and Their Significance in Activated Sludge Bulking,p. 68,,Direct,,
Sphaerotilus natans,rod,,,1,2,6,4,,,,,,,Bergey's 1957 Manual,,p. 263,,Direct,,
Sphingopyxis alaskensis,rod,,,0.31,,,1.031,,,,,,,Wang et al. 2008,"Influence of Size, Shape, and Flexibility on Bacterial Passage through Micropore Membrane Filters",p. 6751; Table 1,,Direct,,
Spiroplasma melliferum,helical,,,0.188,,,5.96,,,0.889,,,0.57,Trachtenberg et al. 2003,The bacterial linear motor of Spiroplasma melliferum BC3: from single molecules to swimming cells,p. 4; Table 1,,Direct,,
Staphylococcus aureus,sphere,0.8,1,0.9,,,,,,,,,,Bergey's 1957 Manual,,p. 465,,Direct,,
Staphylococcus aureus,sphere,,,0.856,,,,,,,,,,Maass et al. 2011,"Efficient, Global-Scale Quantification of Absolute Protein Amounts by Integration of Targeted Mass Spectrometry and Two-Dimensional Gel-Based Proteomics",p. S18; Table S-3,,Direct,,
Staphylococcus epidermidis,sphere,,,0.72,,,,,,,,,,Stull 1972,Size Distribution of Bacterial Cells,p. 1303; Figure 4,,ImageJ,,
Staphylococcus epidermidis,sphere,0.5,0.6,0.55,,,,,,,,,,Bergey's 1957 Manual,,p. 466,,Direct,,
Streptococcus agalactiae,sphere,0.6,1.2,0.9,,,,,,,,,,Bergey's 1957 Manual,,p. 517,,Direct,,
Streptococcus cremoris,sphere,0.6,1,0.8,,,,,,,,,,Bergey's 1957 Manual,,p. 526,,Direct,,
Streptococcus pneumoniae,sphere,,,0.6,,,,,,,,,,Begg et al. 2015,Dysregulation of transition metal ion homeostasis is the molecular basis for cadmium toxicity in Streptococcus pneumoniae,p. 2,,Direct,,
Streptococcus pneumoniae,sphere,0.5,1.25,0.875,,,,,,,,,,Bergey's 1957 Manual,,p. 507,Previous name Diplococcus,Direct,,
Streptococcus pyogenes,sphere,,,0.8019,,,,,,,,,,Shuter et al. 1982,Phenotypic Correlates of Genomic DNA Content in Unicellular Eukaryotes and Other Cells,p. 28; Table 1,"From cell volume, assuming spherical shape",Direct,,
Streptococcus pyogenes,sphere,,,0.8,,,,,,,,,,Kowalski1999,https://www.osti.gov/biblio/20085598,p. 5; Table 1,,Direct,,
Streptococcus pyogenes,sphere,0.6,1,0.8,,,,,,,,,,Bergey's 1957 Manual,,p. 512,,Direct,,
Streptomyces coelicolor,rod,0.7,1,0.85,0.8,1.5,1.15,,,,,,,Bergey's 1957 Manual,,p. 756,,Direct,,
Teredinibacter turnerae,rod,0.4,0.6,0.5,3,6,4.5,,,,,,,Distel et al. 2002,"Teredinibacter turnerae gen. nov., sp. nov., a dinitrogen-fixing, cellulolytic, endosymbiotic gamma-proteobacterium isolated from the gills of wood-boring molluscs (Bivalvia: Teredinidae). ",Abstract,,Direct,,
Thiovulum majus,sphere,,,8.5,,,,,,,,,,Petroff et al. 2015,Fast-Moving Bacteria Self-Organize into Active Two-Dimensional Crystals of Rotating Cells,p. 2,,Direct,,
Ureaplasma urealyticum,sphere,0.11,1.3,0.705,,,,,,,,,,Meloni et al. 1980,"Colony Morphology, Ultrastructure and Morphogenesis in Mycoplasma hominis, Acholeplasma laidlawii and Ureaplasma urealyticum",p. 440,,Direct,,
Ureaplasma urealyticum,sphere,,,0.5,,,,,,,,,,Robertson et al. 1983,Morphology of the cells and colonies of Mycoplasma hominis ,Abstract,,Direct,,
Mycoplasma hominis,sphere,,,0.42,,,,,,,,,,Robertson et al. 1983,Morphology of the cells and colonies of Mycoplasma hominis ,Abstract,,Direct,,
Vibrio alginolyticus,rod,,,0.68,,,1.37,,,,,,,Nishino et al. 2004,Application of Atomic Force Microscopy to Observation of Marine Bacteria,p. 224; Table 2,Average across all methods used for measurement,Direct,,
Vibrio alginolyticus,rod,,,0.8,,,1.92,,,,,,,Magariyama et al. 1995,Simultaneous measurement of bacterial flagellar rotation rate and swimming speed,p. 2157; Table 2,,Direct,,
Vibrio campbellii,rod,,,0.58,,,0.99,,,,,,,Trousselier et al. 1997,Variation of carbon content among bacterial speciesunder starvation condition,p. 117; Table 1,,Direct,,
Vibrio cholerae,rod,0.3,0.6,0.45,1,5,3,,,,,,,Bergey's 1957 Manual,,p. 231,,Direct,,
Vibrio cholerae,rod,0.36,0.4,0.38,2.7,3.5,3.1,,,,,,,Chatterjee et al. 2017,Modelling of growth kinetics of Vibrio cholerae in presence of gold nanoparticles: effect of size and morphology,p. 8,,Direct,,
Vibrio cholerae,rod,,,0.4,,,1.6,,,,,,,Baker et al. 1983,Effects of nutrient deprivation on Vibrio cholerae,p. 933,,Direct,,
Vibrio fischeri,rod,,,0.66,,,0.86,,,,,,,Trousselier et al. 1997,Variation of carbon content among bacterial speciesunder starvation condition,p. 117; Table 1,,Direct,,
Vibrio fischeri,rod,0.4,0.8,0.6,1,2.5,1.75,,,,,,,Bergey's 1957 Manual,,p. 196,,Direct,,
Vibrio harveyi,rod,,,0.750,,,2.200,,,,,,,Sun et al. 2016,Comparative analysis of the survival and gene expression of pathogenic strains Vibrio harveyi after starvation,"p. 3, Figure 1",,ImageJ,,
Vibrio splendidus,rod,,,0.88,,,3.18,,,,,,,Lovdal et al. 2008,Changes in Morphology and Elemental Composition of Vibrio splendidus Along a Gradient from Carbon-limited to Phosphate-limited Growth,p. 157; Table 2,"For cell with highest C:P ratio, as this one ought to grow the fastest.",Direct,,
Xanthomonas campestris,rod,0.3,0.5,0.4,0.7,2,1.35,,,,,,,Bergey's 1957 Manual,,p. 159,,Direct,,
Xanthomonas pruni,rod,0.2,0.4,0.3,0.8,1,0.9,,,,,,,Bergey's 1957 Manual,,p. 156,,Direct,,
Zymomonas mobilis,rod,1,1.5,1.25,2,6,4,,,,,,,Swings and De Ley 1977,The biology of Zymomonas.,p. 22,,Direct,,
Zymomonas mobilis,rod,1.4,2,1.7,4,5,4.5,,,,,,,Bergey's 1957 Manual,,p. 199,,Direct,,
Salinivibrio siamensis,rod,0.4,0.5,0.45,2,8,5,,,,,,,Chamroensaksri et al. 2009,"Salinivibrio siamensis sp. nov., from fermented fish (pla-ra) in Thailand",p. 883,,Direct,,
Pseudoalteromonas agarivorans,rod,0.8,0.9,0.85,2.5,3.8,3.15,,,,,,,Romanenko et al. 2003,"Pseudoalteromonas agarivorans sp. nov., a novel marine agarolytic bacterium",p. 129,,Direct,,
Halomonas maura,rod,0.5,0.7,0.6,6,9,7.5,,,,,,,Bouchotroch et al. 2001,"Halomonas maura sp. nov., a novel moderately halophilic, exopolysaccharide-producing bacterium. ",p. 1630,,Direct,,
Halomonas eurihalina,rod,0.8,1,0.9,2,2.5,2.25,,,,,,,Bouchotroch et al. 2001,"Halomonas maura sp. nov., a novel moderately halophilic, exopolysaccharide-producing bacterium. ",p. 1630; Table 2,,Direct,,
Halomonas halmophila,rod,0.3,0.6,0.45,0.9,1.3,1.1,,,,,,,Bouchotroch et al. 2001,"Halomonas maura sp. nov., a novel moderately halophilic, exopolysaccharide-producing bacterium. ",p. 1630; Table 2,,Direct,,
Halomonas halodenitrificans,rod,0.5,0.9,0.7,0.9,1.2,1.05,,,,,,,Bouchotroch et al. 2001,"Halomonas maura sp. nov., a novel moderately halophilic, exopolysaccharide-producing bacterium. ",p. 1630; Table 2,,Direct,,
Halomonas halodurans,rod,0.4,0.6,0.5,1.5,2,1.75,,,,,,,Bouchotroch et al. 2001,"Halomonas maura sp. nov., a novel moderately halophilic, exopolysaccharide-producing bacterium. ",p. 1630; Table 2,,Direct,,
Halomonas halophila,rod,0.5,0.7,0.6,1.5,2,1.75,,,,,,,Bouchotroch et al. 2001,"Halomonas maura sp. nov., a novel moderately halophilic, exopolysaccharide-producing bacterium. ",p. 1630; Table 2,,Direct,,
Halomonas salina,rod,0.7,0.8,0.75,2,2.5,2.25,,,,,,,Bouchotroch et al. 2001,"Halomonas maura sp. nov., a novel moderately halophilic, exopolysaccharide-producing bacterium. ",p. 1630; Table 2,,Direct,,
Halomonas variabilis,rod,0.5,0.8,0.65,1,3,2,,,,,,,Bouchotroch et al. 2001,"Halomonas maura sp. nov., a novel moderately halophilic, exopolysaccharide-producing bacterium. ",p. 1630; Table 2,,Direct,,
Halomonas sinaiensis,rod,0.7,1,0.85,1.8,2.2,2,,,,,,,Romano et al. 2007,"Halomonas sinaiensis sp. nov., a novel halophilic bacterium isolated from a salt lake inside Ras Muhammad Park, Egypt",p. 792,,Direct,,
Acetobacter cerevisiae,rod,,,1,2,4,3,,,,,,,Cleenwerck et al. 2002,"Re-examination of the genus Acetobacter, with descriptions of Acetobacter cerevisiae sp. nov. and Acetobacter malorum sp. nov.",p. 1557,,Direct,,
Acetobacter malorum,rod,,,0.9,1.1,1.3,1.2,,,,,,,Cleenwerck et al. 2002,"Re-examination of the genus Acetobacter, with descriptions of Acetobacter cerevisiae sp. nov. and Acetobacter malorum sp. nov.",p. 1557,,Direct,,
Flavobacterium antarcticum,rod,0.3,0.4,0.35,0.5,1.3,0.9,,,,,,,Yi et al. 2005,"Flavobacterium antarcticum sp. nov., a novel psychrotolerant bacterium isolated from the Antarctic",p. 640,,Direct,,
Flavobacterium weaverense,rod,0.3,0.5,0.4,1.6,12.5,7.05,,,,,,,Yi and Chun 2006,"Flavobacterium weaverense sp. nov. and Flavobacterium segetis sp. nov., novel psychrophiles isolated from the Antarctic",p. 1242,,Direct,,
Flavobacterium segetis,rod,0.2,0.3,0.25,1.1,2.3,1.7,,,,,,,Yi and Chun 2006,"Flavobacterium weaverense sp. nov. and Flavobacterium segetis sp. nov., novel psychrophiles isolated from the Antarctic",p. 1243,,Direct,,
Dechloromonas denitrificans,rod,,,0.5,,,1.7,,,,,,,Horn et al. 2005,"Dechloromonas denitrificans sp. nov., Flavobacterium denitrificans sp. nov., Paenibacillus anaericanus sp. nov. and Paenibacillus terrae strain MH72, N2O-producing bacteria isolated from the gut of the earthworm Aporrectodea caliginosa",p. 1262,,Direct,,
Flavobacterium denitrificans,rod,0.3,0.9,0.6,0.8,3,1.9,,,,,,,Horn et al. 2005,"Dechloromonas denitrificans sp. nov., Flavobacterium denitrificans sp. nov., Paenibacillus anaericanus sp. nov. and Paenibacillus terrae strain MH72, N2O-producing bacteria isolated from the gut of the earthworm Aporrectodea caliginosa",p. 1263,,Direct,,
Paenibacillus anaericanus,rod,0.5,1,0.75,2,5,3.5,,,,,,,Horn et al. 2005,"Dechloromonas denitrificans sp. nov., Flavobacterium denitrificans sp. nov., Paenibacillus anaericanus sp. nov. and Paenibacillus terrae strain MH72, N2O-producing bacteria isolated from the gut of the earthworm Aporrectodea caliginosa",p. 1263,,Direct,,
Zobellia galactinovorans,rod,0.3,0.4,0.35,3,8,5.5,,,,,,,Barbeyron et al. 2001,"Zobellia galactanovorans gen. nov., sp. nov., a marine species of Flavobacteriaceae isolated from a red alga, and classification of [Cytophaga] uliginosa (ZoBell and Upham 1944) Reichenbach 1989 as Zobellia uliginosa gen. nov., comb. nov.",p. 994,,Direct,,
Thiobacillus prosperus,rod,0.2,0.4,0.3,,,4,,,,,,,Huber and Stetter 1989," Thiobacillus prosperus sp. nov., represents a new group of halotolerant metal-mobilizing bacteria isolated from a marine geothermal field",p. 480,,Direct,,
Alkalibacterium olivoapovliticus SN4c,rod,0.4,0.6,0.5,1.3,2.9,2.1,,,,,,,Ntougias and Russell 2001,"Alkalibacterium olivoapovliticus gen. nov., sp. nov., a new obligately alkaliphilic bacterium isolated from edible-olive wash-waters.",p. 1163,,Direct,,
Alkalibacterium olivoapovliticus SN4a,rod,0.5,0.7,0.6,1.2,2.1,1.65,,,,,,,Ntougias and Russell 2001,"Alkalibacterium olivoapovliticus gen. nov., sp. nov., a new obligately alkaliphilic bacterium isolated from edible-olive wash-waters.",p. 1163,,Direct,,
Psychroflexus torquis,rod,0.4,1.5,0.95,5,50,27.5,,,,,,,Bowman et al. 1998,"Psychroflexus torquis gen. nov., sp. nov. a psychrophilic species from Antarctic sea ice, and reclassification of Flavobacterium gondwanense (Dobson et al. 1993) as Psychroflexus gondwanense gen. nov., comb. nov. ",p. 1607,,Direct,,
WWE30OP11-OD1,sphere,,,0.258076204,,,,,,,,,,Zhao et al. 2017,Three-Dimensional Structure of the Ultraoligotrophic Marine Bacterium “Candidatus Pelagibacter ubique”,p. 7; Table 2,,Direct,,
Listeria monocytogenes,rod,,,0.5,,,1.5,,,,,,,Shavemaker and Lynch 2021,,Supplement,,Direct,,
Campylobacter jejuni,rod,0.331,0.36,0.3455,1.72,2.44,2.08,,,,,,,Muller et al. 2014,Ultrastructure and complex polar architecture of the human pathogen Campylobacter jejuni,p. 705,,Direct,,
Acidithiobacillus ferrooxidans,rod,,,0.5,,,1.05,,,,,,,Ribeiro et al. 2011,"Heat and phosphate starvation effects on the proteome, morphology and chemical composition of the biomining bacteria Acidithiobacillus ferrooxidans",p. 1472; Table 1,,Direct,,
Bacteroides thetaiotamicron,rod,,,1,,,1.8,,,,,,,Rangarajan et al. 2020,Nutrient-dependent morphological variability of Bacteroides thetaiotaomicron ,p. 625,Diameter estimated from the figure,Direct,Important paper for size variation across growth conditions,
Yersinia pestis,rod,0.5,0.8,0.65,1,3,2,,,,,,,https://www.bu.edu/researchsupport/safety/rohp/agent-information-sheets/yersinia-pestis-agent-information-sheet/,Yersinia pestis agend information spreadsheet,url,,,,
Neisseria meningitidis,sphere,0.6,0.8,0.7,,,,,,,,,,Hanna 1999,Encyclopedia of Food Microbiology -- Neisseria,p. 1591,,Direct,,
Bartonella henselae,rod,0.5,0.6,0.55,1,2,1.5,,,,,,,Regnery et al. 1992,"Characterization of a novel Rochalimaea species, R. henselae sp. nov., isolated from blood of a febrile, human immunodeficiency virus-positive patient",p. 272,,Direct,,
Veillonella parvula,sphere,,,0.4,,,,,,,,,,Ng and Hamilton 1971,Lactate Metabolism by Veillonella parvula,p. 999,,Direct,,
Streptococcus parasanguinis,sphere,0.8,1,0.9,,,,,,,,,,Whiley et al. 1990,"Streptococcus parasanguis sp. nov., an atypical viridans Streptococcus from human clinical specimens",p. 120,,Direct,,
Coprococcus comes,rod,0.8,2,1.4,0.8,5,2.9,,,,,,,Holdeman and Moore 1974,"New Genus, Coprococcus, Twelve New Species, and Emended Descriptions of Four Previously Described Species of Bacteria from Human Feces",p. 264,,Direct,,
Ruminococcus torques,sphere,0.3,0.9,0.6,,,,,,,,,,Holdeman and Moore 1974,"New Genus, Coprococcus, Twelve New Species, and Emended Descriptions of Four Previously Described Species of Bacteria from Human Feces",p. 265,,Direct,,
Ruminococcus gnavus,rod,0.9,1.1,1,1.1,1.4,1.25,,,,,,,Moore et al. 1976,"Emendation of Bacteroidaceae and Butyrivibrio and Descriptions of Desulfomonas gen. nov. and Ten New Species in the Genera Desulfomonas, Butyrivibrio, Eubacterium, Clostridium, and Ruminococcus",p. 243,,Direct,,
Ruminococcus bromii,sphere,0.7,1.1,0.9,,,,,,,,,,Moore et al. 1972,Ruminococcus bromii sp. n. and Emendation of the Description of Ruminococcus Sijpestein,p. 78,,Direct,,
Roseburia intestinalis,rod,0.4,0.5,0.45,1,5,3,,,,,,,Duncan et al. 2002,"Roseburia intestinalis sp. nov., a novel saccharolytic, butyrate-producing bacterium from human faeces.",p. 1618; Table 3,,Direct,,
Eubacterium rectale,rod,0.5,0.6,0.55,1.7,4.7,3.2,,,,,,,Duncan et al. 2002,"Roseburia intestinalis sp. nov., a novel saccharolytic, butyrate-producing bacterium from human faeces.",p. 1618; Table 3,,Direct,,
Prevotella copri,rod,,,0.83,0.91,0.99,0.95,,,,,,,Hayashi et al. 2007,"Prevotella copri sp. nov. and Prevotella stercorea sp. nov., isolated from human faeces",p. 942,Taken for type strain CB7,Direct,,
Petrotoga halophila,rod,0.5,0.7,0.6,2,45,23.5,,,,,,,Miranda-Tello et al. 2007,"Petrotoga halophila sp. nov., a thermophilic, moderately halophilic, fermentative bacterium isolated from an offshore oil well in Congo",p. 43,,Direct,,
Persephonella marina,rod,0.3,0.4,0.35,2,4,3,,,,,,,Gotz et al. 2002,"Persephonella marina gen. nov., sp. nov. and Persephonella guaymasensis sp. nov., two novel, thermophilic, hydrogen-oxidizing microaerophiles from deep-sea hydrothermal vents.",p. 1357,,Direct,,
Odoribacter splanchnicus,rod,,,0.7,1,2.5,1.75,,,,,,,Werner et al. 1975,[A new butyric acid-producing bacteroides species: B. splanchnicus n. sp. (author's transl)],Abstract,,Direct,,
Granulicella tundricola,rod,,,0.5,0.5,1.8,1.15,,,,,,,Mannisto et al. 2012,"Granulicella arctica sp. nov., Granulicella mallensis sp. nov., Granulicella tundricola sp. nov. and Granulicella sapmiensis sp. nov., novel acidobacteria from tundra soil",p. 2104,,Direct,,
Eggerthella lenta,rod,0.3,0.8,0.55,1.3,3.5,2.4,,,,,,,Moore et al. 1971,Eubacterium lentum (Eggerth) Prévot 1938: Emendation of Description and Designation of the Neotype Strain,p. 300; Table 1,Taken for neotype strain,Direct,,
Dorea formicigenerans,rod,1.1,1.4,1.25,1.6,3.5,2.55,,,,,,,Holdeman and Moore 1974,"New Genus, Coprococcus, Twelve New Species, and Emended Descriptions of Four Previously Described Species of Bacteria from Human Feces",p. 274,,Direct,,
Dictyoglomus thermophilum,rod,0.4,0.6,0.5,5,20,12.5,,,,,,,Saiki et al. 1985,"Dictyoglomus thermophilum gen. nov., sp. nov., a Chemoorganotrophic, Anaerobic, Thermophilic Bacterium",p. 256,,Direct,,
Dethiosulfovibrio peptidovorans,rod,,,1,3,5,4,,,,,,,Magot et al. 1997,"Dethiosulfovibrio peptidovorans gen. nov., sp. nov., a New Anaerobic, Slightly Halophilic, Thiosulfate-Reducing Bacterium from Corroding Offshore Oil Wells",p. 823,,Direct,,
Dentivibrio acetiphilus,rod,0.5,0.7,0.6,1.7,2,1.85,,,,,,,Myhr and Torsvik 2000,"Denitrovibrio acetiphilus, a novel genus and species of dissimilatory nitrate-reducing bacterium isolated from an oil reservoir model column. ",p. 1617,,Direct,,
Deinococcus radiodurans,sphere,,,1.7,,,,,,,,,,Floc'h et al. 2019,Cell morphology and nucleoid dynamics in dividing Deinococcus radiodurans,p. 3; Figure 1,Septum in the middle might increase envelope investments,ImageJ,,
Collinsella aerofaciens,rod,0.3,0.7,0.5,1.2,4.3,2.75,,,,,,,Kageyama et al. 1999,"Phylogenetic and phenotypic evidence for the transfer of Eubacterium aerofaciens to the genus Collinsella as Collinsella aerofaciens gen. nov., comb. nov.",p. 564,,Direct,,
Clostridium saccharolyticum,rod,,,0.6,,,3,,,,,,,Murray et al. 1982,"Clostridium saccharolyticum sp. nov., a Saccharolytic Species from Sewage Sludge",Abstract,,Direct,,
Clostridium bolteae,rod,1,1.2,1.1,2,5,3.5,,,,,,,Song et al. 2003,"Clostridium bolteae sp. nov., Isolated from Human Sources",p. 85,,Direct,,
Caldithrix abyssi,rod,0.2,0.35,0.275,4,20,12,,,,,,,Miroshnichenko et al. 2003,"Caldithrix abyssi gen. nov., sp. nov., a nitrate-reducing, thermophilic, anaerobic bacterium isolated from a Mid-Atlantic Ridge hydrothermal vent, represents a novel bacterial lineage",p. 324,,Direct,,
Caldisericum exile,rod,,,0.3,1.6,8.3,4.95,,,,,,,Mori et al. 2009,"Caldisericum exile gen. nov., sp. nov., an anaerobic, thermophilic, filamentous bacterium of a novel bacterial phylum, Caldiserica phyl. nov., originally called the candidate phylum OP5, and description of Caldisericaceae fam. nov., Caldisericales ord. nov. and Caldisericia classis nov. ",p. 2897,,Direct,,
Blautia obeum,rod,0.8,1.1,0.95,0.9,1.5,1.2,,,,,,,Moore et al. 1976,"Emendation of Bacteroidaceae and Butyrivibrio and Descriptions of Desulfomonas gen. nov. and Ten New Species in the Genera Desulfomonas, Butyrivibrio, Eubacterium, Clostridium, and Ruminococcus",p. 245,,Direct,,
Aminomonas paucivorans,rod,,,0.3,4,6,5,,,,,,,Baena et a. 1999,"Aminomonas paucivorans gen. nov., sp. nov., a mesophilic, anaerobic, amino-acid-utilizing bacterium",Abstract,,Direct,,
Akkermansia muciniphila,rod,0.64,0.83,0.735,0.69,1,0.845,,,,,,,Derrien et al. 2004,"Akkermansia muciniphila gen. nov., sp. nov., a human intestinal mucin-degrading bacterium",p. 1474,,Direct,,
Lactobacillus paracasei,rod,0.8,1,0.9,2,4,3,,,,,,,Collins et al. 1989,"Deoxyribonucleic Acid Homology Studies of Lactobacillus casei, Lactobacillus paracasei sp. nov., subsp. paracasei and subsp. tolerans, and Lactobacillus rhamnosus sp. nov., comb. nov. ",p. 108,,Direct,,
Fusobacterium nucleatum,rod,,,0.375,5,10,7.5,,,,,,,Bolstad et al. 1996,"Taxonomy, biology, and periodontal aspects of Fusobacterium nucleatum",p. 55,Not sure if this size is the same as for subspecies nucleatum; Diameter estimated from Figure 1A,Direct,,
Psuedothermatoga hypogea,rod,0.5,1,0.75,2,3,2.5,,,,,,,Fardeau et al. 1997,"Thermotoga hypogea sp. nov., a Xylanolytic, Thermophilic Bacterium from an Oil-Producing Well ",p. 1018,,Direct,,
Treponema primitia,helical,0.2,0.35,0.275,3,7,5,,,2.5,,,1.2,Leadbetter et al. 1999,Acetogenesis from H2 Plus CO2 by Spirochetes from Termite Guts,p. 686,Murphy et al. 2008 (pitch and helix diameter),Direct,,
Serpulina pilosicoli,helical,,,0.1,,,10,,,0.5,,,0.1,Nakamura et al. 2006,Improvement in Motion Efficiency of the Spirochete Brachyspira pilosicoli in Viscous Environments,p. 3025,,Direct,,
Serpulina alvinipulli,helical,0.507,0.676,0.5915,10.304,13.007,11.6555,4.73,5.743,5.2365,1.858,2.365,2.1115,Stanton et al. 1998,"Serpulina alvinipulli sp. nov., a new Serpulina species that is enteropathogenic for chickens",p. 671; Figure 1A,,ImageJ,,
Serpulina hyodysenteriae,helical,0.511,0.852,0.6815,6.477,16.023,11.25,3.58,4.602,4.091,1.705,2.216,1.9605,Stanton et al. 1998,"Serpulina alvinipulli sp. nov., a new Serpulina species that is enteropathogenic for chickens",p. 671; Figure 1B,,ImageJ,,
Serpulina pilosicoli,helical,0.44,0.733,0.5865,6.159,6.746,6.4525,3.813,4.399,4.106,1.76,2.2,1.98,Trott et al. 1996,"Serpulina pilosicoli sp. nov., the Agent of Porcine Intestinal Spirochetosis ",p. 208; Figure 1B,,ImageJ,,
Serpulina hyodysenteriae,helical,,,0.33,,,10,,,3.18,,,0.58,Swayne et al. 1995,Identification of a new intestinal spirochete with pathogenicity for chickens,p. 431; Table 1,,Direct,,
Serpulina innocens,helical,,,0.36,,,9.49,,,4.02,,,0.72,Swayne et al. 1995,Identification of a new intestinal spirochete with pathogenicity for chickens,p. 431; Table 1,,Direct,,
Serpulina intermedia,helical,0.35,0.45,0.4,7.5,10,8.75,,,3.18,,,0.58,Stanton et al. 1997,Recognition of Two New Species of Intestinal Spirochetes: Serpulina intermedia sp. nov. and Serpulina murdochii sp. nov.,p. 1009,Pitch and helix diameter taken from Serpulina hyodysenteriae,Direct,,
Brachyspira suanatina,helical,,,0.3,,,5.5,,,3.18,,,0.58,Mushtaq et al. 2015,"Brachyspira suanatina sp. nov., an enteropathogenic intestinal spirochaete isolated from pigs and mallards: genomic and phenotypic characteristics",p. 5; Table 1,Pitch and helix diameter taken from Serpulina hyodysenteriae,,,
Spirillum volutans,helical,1.5,1.8,1.65,18,40,29,16,24,20,9.542,13.393,11.4675,Wells Jr. and Krieg 1965,Cultivation of Spirillum volutans in a Bacteria-Free Environment,"p. 817, Figure 1",,Direct_ImageJ,,
Brevinema andersonii,helical,0.2,0.3,0.25,4,5,4.5,2,3,2.5,2.5,4,3.25,Defosse et al. 1995,"Brevinema andersonii gen. nov., sp. nov., an Infectious Spirochete Isolated from the Short-Tailed Shrew (Blarina brevicauda) and the White-Footed Mouse (Peromyscus leucopus)",p. 83,,Direct,,
Spiroplasma poulsonii,helical,0.05,0.1,0.075,0.8,5,2.9,0.16,0.3333333333,0.2466666667,0.202,0.324,0.263,Ramond et al. 2016,"Brevinema andersonii gen. nov., sp. nov., an Infectious Spirochete Isolated from the Short-Tailed Shrew (Blarina brevicauda) and the White-Footed Mouse (Peromyscus leucopus)",pp. 1-2; Figure 1C-F,,Direct_ImageJ,,
Spiroplasma eriocheiris,helical,,,0.0776,2,10,6,,,0.8067,,,0.2282,Liu et al. 2017,"Chemotaxis without Conventional Two-Component System, Based on Cell Polarity and Aerobic Conditions in Helicity-Switching Swimming of Spiroplasma eriocheiris",pp. 5-6,,Direct,,
Brachyspira aalborgi,helical,,,0.2,1.7,6,3.85,,,2,,,0.679,Hovind-Hougen et al. 1982,"Intestinal spirochetosis: morphological characterization and cultivation of the spirochete Brachyspira aalborgi gen. nov., sp. nov",p. 1128; Figure 1,,Direct_ImageJ,,
Treponema denticola,helical,,,0.2,,,7.7,,,1.23,,,0.5,Shavemaker and Lynch 2021,,Supplement,,Direct,,
Spirochaeta perfilievii,helical,0.3,0.5,0.4,5,20,12.5,0.444,0.609,0.5265,0.28,0.39,0.335,Dubinina et al. 2011,"Spirochaeta perfilievii sp. nov., an oxygen-tolerant, sulfide-oxidizing, sulfur- and thiosulfate-reducing spirochaete isolated from a saline spring ","p. 113; Figure 1, Table 2",,Direct_ImageJ,,
Treponema pallidum,helical,,,0.2,6,15,10.5,,,0.86,,,0.26,Liu et al. 2010,"Cellular Architecture of Treponema pallidum: Novel Flagellum, Periplasmic Cone, and Cell Envelope as Revealed by Cryo Electron Tomography",p. 547,Helix diameter and pitch is taken from Figure 5 in Church et al. 2019,Direct,,
Treponema azotonutricium,helical,0.2,0.3,0.25,10,12,11,,,1.2,0.446,0.558,0.502,Graber et al. 2010,"Description of Treponema azotonutricium sp. nov. and Treponema primitia sp. nov., the First Spirochetes Isolated from Termite Guts","p. 1316, p. 1317; Figure 1",,Direct,,
Treponema phagedenis,helical,0.2,0.25,0.225,9,12,10.5,,,1.74,,,0.23,Espiritu et al. 2020,Genotypic and Phenotypic Characterization of Treponema phagedenis from Bovine Digital Dermatitis,p. 3,Helix diameter and pitch taken from Abstract in Charon et al. 1991,Direct,,
Spirochaeta cellobiosiphila,helical,0.3,0.4,0.35,10,12,11,,,1.4,0.615,0.922,0.7685,Breznak and Warnecke 2008,"Spirochaeta cellobiosiphila sp. nov., a facultatively anaerobic, marine spirochaete",p. 2767,Helix diameter from Figure 1,Direct,,
Spirochaeta aurantia,helical,,,0.3,10,20,15,,,3.214,,,1.205,Cox 1972,Shape of Treponema pallidum,p. 944; Figures,Table 1.2 on p. 6 in Apimerika's MSc thesis,Direct_ImageJ,,
Spirochaeta zuelzerae,helical,0.2,0.4,0.3,8,16,12,0.696,0.857,0.7765,0.429,0.429,0.429,Cox 1972,Shape of Treponema pallidum,p. 944; Figures,Table 1.2 on p. 6 in Apimerika's MSc thesis,Direct_ImageJ,,
Spirochaeta bajacaliforniensis,helical,,,0.3,,,30,,,1.25,,,0.5,Fracek Jr and Storz 1985,"Spirochaeta bajacaliforniensis sp. n. from a microbial mat community at Laguna Figueroa, Baja California Norte, Mexico",Abstract,,Direct,,
Spirochaeta isovalerica,helical,,,0.4,10,15,12.5,,,1,,,0.6,Harwood and Canale-Parola 1983,"Spirochaeta isovalerica sp. nov., a Marine Anaerobe That Forms Branched-Chain Fatty Acids as Fermentation Products",pp. 574-5,,Direct,,
Spirochaeta stenostrepta,helical,0.2,0.3,0.25,15,45,30,0.778,0.849,0.8135,0.354,0.425,0.3895,Cox 1972,Shape of Treponema pallidum,p. 944; Figures,Table 1.2 on p. 6 in Apimerika's MSc thesis,Direct_ImageJ,,
Spirochaeta odontotermitis,helical,0.2,0.4,0.3,10,20,15,,,2.3,,,1.7,Sravanth et al. 2015,"Spirochaeta odontotermitis sp. nov., an obligately anaerobic, cellulolytic, halotolerant, alkaliphilic spirochaete isolated from the termite Odontotermes obesus (Rambur) gut",p. 4593,Supplemental Figure 1 for Dh and P,Direct_ImageJ,,
Spirochaeta americana,helical,0.2,0.22,0.21,8,18,13,,,1.8,,,0.75,Hoover et al. 2003,"Spirochaeta americana sp. nov., a new haloalkaliphilic, obligately anaerobic spirochaete isolated from soda Mono Lake in California",p. 819; Table 1,Dh and P from Figure 1,Direct_ImageJ,,
Spirochaeta psychrophila,helical,0.25,0.55,0.4,3.6,15,9.3,0.5,0.6,0.55,0.607,0.757,0.682,Miyazaki et al. 2014,"Spirochaeta psychrophila sp. nov., a psychrophilic spirochaete isolated from subseafloor sediment, and emended description of the genus Spirochaeta ","p. 2800, Figure 1",,Direct_ImageJ,,
Spirochaeta smaragdinae,helical,0.3,0.5,0.4,5,30,17.5,1.347,1.572,1.4595,0.516,0.584,0.55,Mavromatis et al. 2010,Complete genome sequence of Spirochaeta smaragdinae type strain (SEBR 4228T),"p. 137, Figure 2",,Direct_ImageJ,,
Rectinema cohabitans,rod,0.3,0.5,0.4,1,2.5,1.75,,,,,,,Koelschbach et al. 2017,"Rectinema cohabitans gen. nov., sp. nov., a rod-shaped spirochaete isolated from an anaerobic naphthalene-degrading enrichment culture",p. 1293,,Direct,,
Sphaerochaeta halotolerans,sphere,0.3,2.5,1.4,,,,,,,,,,Bidzhieva et al. 2020,"Sphaerochaeta halotolerans sp. nov., a novel spherical halotolerant spirochete from a Russian heavy oil reservoir, emended description of the genus Sphaerochaeta, reclassification of Sphaerochaeta coccoides to a new genus Parasphaerochaeta gen. nov. as Parasphaerochaeta coccoides comb. nov. and proposal of Sphaerochaetaceae fam. nov.",p. 4756,,Direct,,
Borrelia burgdorferi,helical,,,0.33,4,30,17,,,2.83,,,1.11,Goldstein et al. 1996,Structural analysis of the Leptospiraceae and Borrelia burgdorferi by high-voltage electron microscopy,p. 6540; Table 1,Body length taken from p. 496 in Johnson et al. 1984,Direct,,
Treponema isoptericolens,helical,0.4,0.5,0.45,12,20,16,6,7,6.5,1.5,1.8,1.65,Droge et al. 2008,"Treponema isoptericolens sp. nov., a novel spirochaete from the hindgut of the termite Incisitermes tabogae",p. 1082,,Direct,,
Borrelia anserina,helical,0.22,0.26,0.24,8.9,21.2,15.05,,,1.7,2.567,4.52,3.5435,Hovind-Hougen 1995,A morphological characterization of Borrelia anserina,p. 80,Dh from Figure 1A,Direct_ImageJ,,
Spiroplasma citri,helical,,,0.2,3,8,5.5,0.774,0.938,0.856,0.308,0.486,0.397,Townsend et al. 1977,Isolation and Characterization of a Non-Helical Strain of Spiroplasma citri,"p. 17, Figure 1A",,Direct_ImageJ,,
Magnetospirillum gryphiswaldense,rod,,,0.7,,,4,,,,,,,Dziuba et al. 2016,"Magnetospirillum caucaseum sp. nov., Magnetospirillum marisnigri sp. nov. and Magnetospirillum moscoviense sp. nov., freshwater magnetotactic bacteria isolated from three distinct geographical locations in European Russia",p. 2075; Table 2,,Direct,,
Tannerella forsythia,rod,0.3,0.5,0.4,,,5,,,,,,,Tanner et al. 1986,"Bacteroides forsythus sp. nov., a Slow-Growing, Fusiform Bacteroides sp. from the Human Oral Cavity",p. 216,Note that cells with length up to 30 um are observed,Direct,,
Bifidobacterium adolescentis,rod,,,1,4,6,5,,,,,,,Kim et al. 2010,"Bifidobacterium stercoris sp. nov., isolated from human faeces",p. 2826,Taken for synonym of the species,Direct,,
Parabacteroides merdae,rod,1.4,1.6,1.5,3.1,12,7.55,,,,,,,Johnson et al. 1986,"Bacteroides caccae sp. nov., Bacteroides merdae sp. nov., and Bacteroides stercoris sp. nov. Isolated from Human Feces",p. 499,,Direct,,
Parabacteroides distasonis,rod,0.5,0.8,0.65,1.5,2.5,2,,,,,,,Eggerth and Gagnon 1933,The Bacteroides of Human Feces,p. 403,,Direct,,
Spirochaeta thermophila,helical,0.2,0.25,0.225,16,50,33,0.704,0.88,0.792,0.317,0.335,0.326,Aksenova et al. 1992,"Spirochaeta thermophila sp. nov., an Obligately Anaerobic, Polysaccharolytic, Extremely Thermophilic Bacterium","p. 176, Figure 1",,Direct_ImageJ,,
Sphingomonas sp. RB2256,rod,,,0.3,,,0.9,,,,,,,Shut et al. 1993,"Isolation of Typical Marine Bacteria by Dilution Culture: Growth, Maintenance, and Characteristics of Isolates under Laboratory Conditions",p. 2153,,Direct,,
WWE30OP11-OD1,sphere,,,0.248,,,0.331,,,,,,,Luef et al. 2015,Diverse uncultivated ultra-small bacterial cells in groundwater,p. 3; Table 1,"The cell is a spheroid, but we assumed a short rod",Direct,,
Photobacterium kishitanii,rod,,,0.9,1.2,3,2.1,,,,,,,Ast et al. 2007,"Photobacterium kishitanii sp. nov., a luminous marine bacterium symbiotic with deep-sea fishes ",p. 2077,,Direct,,
Pelagimonas varians,rod,1,1.4,1.2,0.75,3.3,2.025,,,,,,,Hahnke et al. 2013,"Pelagimonas varians gen. nov., sp. nov., isolated from the southern North Sea",p. 839,,Direct,,
Ruegeria mobilis,rod,0.6,0.8,0.7,1,2,1.5,,,,,,,Muramatsu et al. 2007,"Ruegeria mobilis sp. nov., a member of the Alphaproteobacteria isolated in Japan and Palau",p. 1307,,Direct,,
Polynucleobacter asymbioticus,rod,0.4,0.5,0.45,0.7,1.2,0.95,,,,,,,Hahn et al. 2016,"Reclassification of four Polynucleobacter necessarius strains as representatives of Polynucleobacter asymbioticus comb. nov., Polynucleobacter duraquae sp. nov., Polynucleobacter yangtzensis sp. nov. and Polynucleobacter sinensis sp. nov., and emended description of Polynucleobacter necessarius",p. 2890,,Direct,,
Nitrosospira multiformis,rod,1,1.5,1.25,1,2.5,1.75,,,,,,,Watson and Mandel 1971,Comparison of the Morphology and Deoxyribonucleic Acid Composition of 27 Strains of Nitrifying Bacteria,p. 566,Synonymous with Nitrosolobus,Direct,,
Desulfovibrio vulgaris,rod,,,0.882,2,3.7,2.85,,,,,,,Fievet et al. 2015,Single-Cell Analysis of Growth and Cell Division of the Anaerobe Desulfovibrio vulgaris Hildenborough,pp. 5-6; Figure 2A,,Direct_ImageJ,,
Thermotoga maritima,rod,,,0.6,1.5,11,6.25,,,,,,,Huber et al. 1986,Thermotoga maritima sp. nov. represents a new genus of unique extremely thermophilic eubacteria growing up to 90°C,p. 329,,Direct,,
Mycoplasma pulmonis,sphere,,,0.7,,,,,,,,,,Tanaka and Woods 1970,Electron Microscopic Studies of Mycoplasma pulmonis (Negroni Strain),Abstract,"Long and short axes differ, but assumed to be a sphere due to its amorphous shape",Direct,,
Mycoplasma felis,sphere,,,0.45,,,,,,,,,,Boatman and Kenny 1970,"Three-Dimensional Morphology, Ultrastructure, and Replication of Mycoplasma felis",p. 264,,Direct,,
Mycoplasma ovipneumoniae,sphere,0.4,0.7,0.55,,,,,,,,,,Major 1977,"An in vitro study of the replication, morphology and DNA base composition of Mycoplasma ovipneumoniae : a thesis presented in partial fulfilment of the requirements for the degree of Master of Science in Microbiology at Massey University, New Zealand",p. ii,,Direct,,
Mycoplasma agalactiae,sphere,0.65,0.9,0.775,,,,,,,,,,Domermuth et al. 1964,ULTRASTRUCTURE OF MYCOPLASMA SPECIES,p. 730; Table 1,,Direct,,
Mycoplasma arthritidis,sphere,0.49,0.75,0.62,,,,,,,,,,Domermuth et al. 1964,ULTRASTRUCTURE OF MYCOPLASMA SPECIES,p. 730; Table 1,,Direct,,
Mycoplasma canis,sphere,0.56,0.75,0.655,,,,,,,,,,Domermuth et al. 1964,ULTRASTRUCTURE OF MYCOPLASMA SPECIES,p. 730; Table 1,,Direct,,
Mycoplasma fermentans,sphere,0.41,0.59,0.5,,,,,,,,,,Domermuth et al. 1964,ULTRASTRUCTURE OF MYCOPLASMA SPECIES,p. 730; Table 1,,Direct,,
Mycoplasma gallinarum,sphere,0.46,0.72,0.59,,,,,,,,,,Domermuth et al. 1964,ULTRASTRUCTURE OF MYCOPLASMA SPECIES,p. 730; Table 1,,Direct,,
Mycoplasma gallisepticum,sphere,0.51,0.72,0.615,,,,,,,,,,Domermuth et al. 1964,ULTRASTRUCTURE OF MYCOPLASMA SPECIES,p. 730; Table 1,,Direct,,
Mycoplasma gallisepticum,sphere,0.61,0.79,0.7,,,,,,,,,,Domermuth et al. 1964,ULTRASTRUCTURE OF MYCOPLASMA SPECIES,p. 730; Table 1,,Direct,,
Mycoplasma hominis,sphere,0.43,0.75,0.59,,,,,,,,,,Domermuth et al. 1964,ULTRASTRUCTURE OF MYCOPLASMA SPECIES,p. 730; Table 1,,Direct,,
Mycoplasma hominis,sphere,0.55,0.72,0.635,,,,,,,,,,Domermuth et al. 1964,ULTRASTRUCTURE OF MYCOPLASMA SPECIES,p. 730; Table 1,,Direct,,
Mycoplasma hyorhinis,sphere,0.51,0.85,0.68,,,,,,,,,,Domermuth et al. 1964,ULTRASTRUCTURE OF MYCOPLASMA SPECIES,p. 730; Table 1,,Direct,,
Acholeplasma laidlawii,sphere,0.47,0.72,0.595,,,,,,,,,,Domermuth et al. 1964,ULTRASTRUCTURE OF MYCOPLASMA SPECIES,p. 730; Table 1,,Direct,,
Acholeplasma laidlawii,sphere,0.5,0.65,0.575,,,,,,,,,,Domermuth et al. 1964,ULTRASTRUCTURE OF MYCOPLASMA SPECIES,p. 730; Table 1,,Direct,,
Mycoplasma mycoides,sphere,0.48,0.69,0.585,,,,,,,,,,Domermuth et al. 1964,ULTRASTRUCTURE OF MYCOPLASMA SPECIES,p. 730; Table 1,,Direct,,
Mycoplasma mycoides,sphere,0.46,0.67,0.565,,,,,,,,,,Domermuth et al. 1964,ULTRASTRUCTURE OF MYCOPLASMA SPECIES,p. 730; Table 1,,Direct,,
Mycoplasma neurolyticum,sphere,0.108,0.85,0.479,,,,,,,,,,Domermuth et al. 1964,ULTRASTRUCTURE OF MYCOPLASMA SPECIES,p. 730; Table 1,,Direct,,
Mycoplasma pneumoniae,sphere,0.44,0.59,0.515,,,,,,,,,,Domermuth et al. 1964,ULTRASTRUCTURE OF MYCOPLASMA SPECIES,p. 730; Table 1,,Direct,,
Mycoplasma pneumoniae,sphere,0.2,0.35,0.275,,,,,,,,,,Biberfeld and Biberfeld 1970,Ultrastructural Features of Mycoplasma pneumoniae,p. 855,,,,
Mycoplasma pneumonis,sphere,0.7,0.94,0.82,,,,,,,,,,Domermuth et al. 1964,ULTRASTRUCTURE OF MYCOPLASMA SPECIES,p. 730; Table 1,,Direct,,
Mycoplasma salivarium,sphere,0.65,0.94,0.795,,,,,,,,,,Domermuth et al. 1964,ULTRASTRUCTURE OF MYCOPLASMA SPECIES,p. 730; Table 1,,Direct,,
Mycoplasma spumans,sphere,0.69,1,0.845,,,,,,,,,,Domermuth et al. 1964,ULTRASTRUCTURE OF MYCOPLASMA SPECIES,p. 730; Table 1,,Direct,,
Mesoplasma florum,sphere,0.538,0.57,0.554,,,,,,,,,,Matteau et al. 2020,Integrative characterization of the near-minimal bacterium Mesoplasma florum,p. 14; Figure 6,,Direct,,
Flavobacterium limicola,rod,0.3,0.6,0.45,1.1,3.6,2.35,,,,,,,Tamaki et al. 2003,"Flavobacterium limicola sp. nov., a psychrophilic, organic-polymer-degrading bacterium isolated from freshwater sediments",see Description section,,Direct,,
Spiroplasma culicicola,rod,,,0.35,1,2,1.5,,,,,,,Hung et al. 1987,Spiroplasma culicicola sp. nov. from the Salt Marsh Mosquito Aedes sollicitans,p. 368,"Data for pitch and helix diameter are lacking, so we assume rod shape. Cell diameter taken from the average of the pore filters through which the cell passes.",Direct,,
Verrucomirobium sp.,rod,,,0.37,,,0.5,,,,,,,Janssen et al. 1997,Novel anaerobic ultramicrobacteria belonging to the Verrucomicrobiales lineage of bacterial descent isolated by dilution culture from anoxic rice paddy soil,p. 1384,,Direct,,
Agrobacterium sanguineum,rod,0.5,0.8,0.65,1,2.5,1.75,,,,,,,Hiraishi et al. 2002,"Characterization of Porphyrobacter sanguineus sp. nov., an aerobic bacteriochlorophyll-containing bacterium capable of degrading biphenyl and dibenzofuran",p. 51,,Direct,,
Vibrio natriegens,rod,,,1.1,,,1.6,,,,,,,Garschagen et al. 2019,Introducing Vibrio natriegens as a Microbial Model Organism for Microgravity Research,Table 1,,Direct,,
UMB 12-3,rod,,,0.4,,,0.87,,,,,,,Iizuki et al. 1998,Isolation and phylogenetic analysis of aerobic copiotrophic ultramicrobacteria from urban soil,p. 79; Table 2,,Direct,,
UMB 12-4,rod,,,0.4,,,1.68,,,,,,,Iizuki et al. 1998,Isolation and phylogenetic analysis of aerobic copiotrophic ultramicrobacteria from urban soil,p. 79; Table 2,,Direct,,
UMB 12-5,rod,,,0.42,,,1.15,,,,,,,Iizuki et al. 1998,Isolation and phylogenetic analysis of aerobic copiotrophic ultramicrobacteria from urban soil,p. 79; Table 2,,Direct,,
UMB 13-8,rod,,,0.41,,,1.8,,,,,,,Iizuki et al. 1998,Isolation and phylogenetic analysis of aerobic copiotrophic ultramicrobacteria from urban soil,p. 79; Table 2,,Direct,,
UMP DY01,rod,,,0.39,,,1.04,,,,,,,Iizuki et al. 1998,Isolation and phylogenetic analysis of aerobic copiotrophic ultramicrobacteria from urban soil,p. 79; Table 2,,Direct,,
UMB ND5,rod,,,0.42,,,0.98,,,,,,,Iizuki et al. 1998,Isolation and phylogenetic analysis of aerobic copiotrophic ultramicrobacteria from urban soil,p. 79; Table 2,,Direct,,
UMB 114,rod,,,0.41,,,1.19,,,,,,,Iizuki et al. 1998,Isolation and phylogenetic analysis of aerobic copiotrophic ultramicrobacteria from urban soil,p. 79; Table 2,,Direct,,
UMB D-5,rod,,,0.44,,,1.06,,,,,,,Iizuki et al. 1998,Isolation and phylogenetic analysis of aerobic copiotrophic ultramicrobacteria from urban soil,p. 79; Table 2,,Direct,,
UMB D-6,rod,,,0.38,,,0.83,,,,,,,Iizuki et al. 1998,Isolation and phylogenetic analysis of aerobic copiotrophic ultramicrobacteria from urban soil,p. 79; Table 2,,Direct,,
UMB D-7,rod,,,0.35,,,0.89,,,,,,,Iizuki et al. 1998,Isolation and phylogenetic analysis of aerobic copiotrophic ultramicrobacteria from urban soil,p. 79; Table 2,,Direct,,
UMB MY14,rod,,,0.38,,,0.83,,,,,,,Iizuki et al. 1998,Isolation and phylogenetic analysis of aerobic copiotrophic ultramicrobacteria from urban soil,p. 79; Table 2,,Direct,,
UMB 12-8,rod,,,0.5,,,1.01,,,,,,,Iizuki et al. 1998,Isolation and phylogenetic analysis of aerobic copiotrophic ultramicrobacteria from urban soil,p. 79; Table 2,,Direct,,
UMB 13-2,rod,,,0.45,,,1.2,,,,,,,Iizuki et al. 1998,Isolation and phylogenetic analysis of aerobic copiotrophic ultramicrobacteria from urban soil,p. 79; Table 2,,Direct,,
Elusimicrobium minutum,rod,0.17,0.3,0.235,0.3,2.5,1.4,,,,,,,Geissinger et al. 2009,"The Ultramicrobacterium “Elusimicrobium minutum” gen. nov., sp. nov., the First Cultivated Representative of the Termite Group 1 Phylum",Abstract,,Direct,,
Herminiimonas glaciei,rod,0.3,0.4,0.35,0.5,0.9,0.7,,,,,,,Loveland-Curtze2009,"Herminiimonas glaciei sp. nov., a novel ultramicrobacterium from 3042 m deep Greenland glacial ice ",p. 1276,,Direct,,
Endomicrobium proavitum,rod,0.15,0.3,0.225,0.5,3.5,2,,,,,,,Zheng et al. 2016,"Endomicrobium proavitum, the first isolate of Endomicrobia class. nov. (phylum Elusimicrobia) – an ultramicrobacterium with an unusual cell cycle that fixes nitrogen with a Group IV nitrogenase",p. 192,,Direct,,
Victivallis vadensis,sphere,0.5,1.3,0.9,,,,,,,,,,Zoetendal et al. 2003,"Victivallis vadensis gen. nov., sp. nov., a sugar-fermenting anaerobe from human faeces",p. 214,,Direct,,
Fimbriimonas ginsengisoli,rod,0.5,0.7,0.6,2.5,5,3.75,,,,,,,Wan-Taek et al. 2012,"Description of Fimbriimonas ginsengisoli gen. nov., sp. nov. within the Fimbriimonadia class nov., of the phylum Armatimonadetes",p. 312; Table 1,,Direct,,
Spiroplasma phoeniceum,helical,,,0.159,,,13.347,,,0.794,,,0.397,Saillard et al. 1987,"Spiroplasma phoeniceum sp. nov., a New Plant-Pathogenic Species from Syria",p. 108; Figure 1,,ImageJ,,
Spirochaeta alkalica,helical,0.4,0.5,0.45,9,18,13.5,,,2.04,,,0.91,Zhilina et al. 1996,"Spirochaeta alkalica sp. nov., Spirochaeta africana sp. nov., and Spirochaeta asiatica sp. nov., Alkaliphilic Anaerobes from the Continental Soda Lakes in Central Asia and the East African Rift",p. 307; Figure 2,,ImageJ,,
Spirochaeta africana,helical,0.25,0.3,0.275,15,30,22.5,,,0.874,,,0.374,Zhilina et al. 1996,"Spirochaeta alkalica sp. nov., Spirochaeta africana sp. nov., and Spirochaeta asiatica sp. nov., Alkaliphilic Anaerobes from the Continental Soda Lakes in Central Asia and the East African Rift",p. 307; Figure 2,,ImageJ,,
Spirochaeta asiatica,helical,0.2,0.25,0.225,15,22.5,18.75,,,0.402,,,1.119,Zhilina et al. 1996,"Spirochaeta alkalica sp. nov., Spirochaeta africana sp. nov., and Spirochaeta asiatica sp. nov., Alkaliphilic Anaerobes from the Continental Soda Lakes in Central Asia and the East African Rift",p. 307; Figure 2,,ImageJ,,
Spirochaeta litoralis,helical,0.4,0.5,0.45,5.5,7,6.25,,,,,,,Zhilina et al. 1996,"Spirochaeta alkalica sp. nov., Spirochaeta africana sp. nov., and Spirochaeta asiatica sp. nov., Alkaliphilic Anaerobes from the Continental Soda Lakes in Central Asia and the East African Rift",p. 311; Table 4,"Data for pitch and helix diameter are lacking, so we assume rod shape",Direct,,
Treponema saccharophilum,helical,0.6,0.7,0.65,16,20,18,,,1.259,,,0.616,Paster and Canale-Parola 1985,"Treponema saccharophilum sp. nov., a large pectinolytic spirochete from the bovine rumen",p. 214; Figure 2,,Direct_ImageJ,,
Mycoplasma feriruminatoris,sphere,,,0.325,,,,,,,,,,Jores et al. 2013,"Mycoplasma feriruminatoris sp. nov., a fast growing Mycoplasma species isolated from wild Caprinae",p. 536,Taken as average between the passable and the un-passable pore size,Direct,,
Mycoplasma meleagridis,sphere,0.2,0.7,0.45,,,,,,,,,,Green and Hanson 1973,Ultrastructure and Capsule of Mycoplasma meleagridis,Abstract,,Direct,,
Spiroplasma floricola,helical,,,0.16,1,10,5.5,,,1.2,,,0.41,Charbonneau 1984,ULTRASTRUCTURAL AND ENERGETIC ANALYSIS OF MOTILITY IN SPIROPLASMA FLORICOLA OBMG,"p. 2, 18",,Direct,,
Pseudoalteromonas piscicida Cura-d,rod,0.6,1.2,0.9,1.2,3.3,2.25,,,,,,,Nelson and Ghiorse 1999,Isolation and identification of Pseudoalteromonas piscicida strain Cura-d associated with diseased damselfish (Pomacentridae) eggs,p. 258; Table 1,,Direct,,
Vibrio anguillarum,rod,,,0.5,,,2,,,,,,,Milton et al. 1996,Flagellin A is essential for the virulence of Vibrio anguillarum,p. 1315; Figure 2A,,ImageJ,,
Borrelia garinii,helical,,,0.236,,,18.886,,,2.283,,,0.906,Berenova et al. 2016,Short-term stability of Borrelia garinii in cerebrospinal fluid,p. 47; Figure 1,,ImageJ,,
Borrelia recurrentis,helical,0.27,0.34,0.305,12,22,17,,,1.8,,,0.8,Cutler et al. 1997,"Borrelia recurrentis Characterization and Comparison with Relapsing-Fever, Lyme-Associated, and Other Borrelia spp.",p. 965,,Direct,,
Tenacibaculum skagerrakense,rod,,,0.5,2,15,8.5,,,,,,,Frette et al. 2004,"Tenacibaculum skagerrakense sp. nov., a marine bacterium isolated from the pelagic zone in Skagerrak, Denmark",p. 523,,Direct,,
Mycoplasma orale,sphere,0.5,1,0.75,,,,,,,,,,Anderson and Barrile 1966,Ultrastructure of Mycoplasma orale Isolated From Patients With Leukemia,p. 161,,Direct,,
Acinetobacter baumannii,rod,,,1.08,,,1.29,,,,,,,Bashiri et al. 2021,Growth Phase- and Desiccation-Dependent Acinetobacter baumannii Morphology: An Atomic Force Microscopy Investigation,p. 1113,,Direct,,log phase entry
Acinetobacter calcoaceticus,rod,,,0.9375,,,1.315,,,,,,,Ellen et al. 1980,Changes in morphology and Phosphate-uptake patterns of acinetobacter calcoaceticus strains ,"p. 107, Table 1",,Direct,,averaged across 8 strains
Alcaligenes faecalis,rod,,,0.7,,,2.2,,,,,,,Abdelgalil et al. 2018,Application of Experimental Designs for Optimization the Production of Alcaligenes Faecalis Nyso Laccase,p. 715,,Direct,,
Cellvibrio gilvus,rod,0.75,1.5,1.125,1.5,3.75,2.625,,,,,,,Christopherson et al. 2013,"The Genome Sequences of Cellulomonas fimi and “Cellvibrio gilvus” Reveal the Cellulolytic Strategies of Two Facultative Anaerobes, Transfer of “Cellvibrio gilvus” to the Genus Cellulomonas, and Proposal of Cellulomonas gilvus sp. nov",p. 8,,Direct,,transfered to Cellulomonas gilvus
Aminobacter lissarensis,rod,0.5,0.6,0.55,1.3,1.5,1.4,,,,,,,McDonald et al. 2005,"Aminobacter ciceronei sp. nov. and Aminobacter lissarensis sp. nov., isolated from various terrestrial environments",p. 1831,,Direct,,
Azorhizobium caulinodans,rod,0.5,0.6,0.55,1.5,2.5,2,,,,,,,Dreyfus et al. 1998,"Characterization of Azorhizobium caulinodans gen. nov., sp. nov., a Stem-Nodulating Nitrogen-Fixing Bacterium Isolated from Sesbania rostrata ",p. 97,,Direct,,
Ferrobacillus ferrooxidans,rod,0.6,1,0.8,1,1.6,1.3,,,,,,,Leathen et al. 1956,FERROBACILLUS FERROOXIDANS: A CHEMOSYNTHETIC AUTOTROPHIC BACTERIUM,p. 702,,Direct,,
Ferrobacillus ferrooxidans,rod,0.8,1.2,1,1.2,2,1.6,,,,,,,Shafia and Wilkinson 1969,Growth of Ferrobacillus ferrooxidans on Organic Matter,p. 258,,Direct,,
Francisella tularensis,sphere,0.4,0.6,0.5,,,,,,,,,,Zellner et al. 2021,"A Francisella tularensis L,D-carboxypeptidase plays important roles in cell morphology, envelope integrity, and virulence",Figure 3D,Data taken for WT,Direct,,
Bacillus popilliae,rod,0.5,0.8,0.65,1.3,5.2,3.25,,,,,,,Perlman 1978,Biology of Bacillus popilliae,p. 3,,Direct,,
Moraxella osloensis,sphere,,,1,,,,,,,,,,Lim et al. 2009,Development of the radiation-resistant strain of Moraxella osloensis and effect of penicillin G on its growth,p. 439,,Direct,,
Aquaspirillum itersonii,helical,0.4,0.6,0.5,2.8,5.6,4.2,3,3.5,3.25,1.2,1.6,1.4,Hylemon et al. 1973,The Genus Spirillum: a Taxonomic Study,p. 345,,Direct,,
Aquaspirillum itersonii,helical,0.4,0.5,0.45,3.6,7,5.3,3,3.5,3.25,1.2,1.6,1.4,Hylemon et al. 1973,The Genus Spirillum: a Taxonomic Study,p. 345,,Direct,,
Aquaspirillum itersonii,helical,0.5,0.6,0.55,2,5.6,3.8,3,3.5,3.25,1.2,1.6,1.4,Hylemon et al. 1973,The Genus Spirillum: a Taxonomic Study,p. 345,,Direct,,
Mycobacterium leprae,rod,,,0.3,1,8,4.5,,,,,,,Draper 1983,The bacteriology of Mycobacterium leprae,p.43,,Direct,,
Mycobacterium lepraemurium,rod,,,0.3,,,1.65,,,,,,,Rees et al. 1960,Application of Quantitative Electron Microscopy to the Study of Mycobacterium lepraemurium and M. leprae ,p. 445,,Direct,,
Mycobacterium lepraemurium,rod,0.3,0.4,0.35,1.3,2.5,1.9,,,,,,,Yoshii and Nakamura 1974,Scanning Electron Microscopic Studies on the Growth Features of Mycobacterium lepraemurium in Cell-free Medium,p. 146,,Direct,,
Paracoccus denitrificans,sphere,0.5,1.3,0.9,,,,,,,,,,Ludwig et al. 1993,Transfer of Thiosphaera pantotropha to Paracoccus denitrificans,p. 366,,Direct,,Taken from the genus-level description because it is a type species
Methylmicrobium sp. HG-1,rod,,,1,,,1.5,,,,,,,Kim et al. 2008,Isolation and taxonomic characterization of a novel type I methanotrophic bacterium,p. 47,,Direct,,
Methylosinus trichosporium,rod,0.79,0.95,0.87,0.813,1.55,1.1815,,,,,,,Scott et al. 1981,The Effect of Growth Conditions on Intracytoplasmic Membranes and Methane Mono-oxygenase Activities in Methylosinus trichosporium OB3b,p. 66,,ImageJ,,"Figure 1a,b"
Pseudomonas putida,rod,0.5,1,0.75,1.5,5,3.25,,,,,,,Screening assesment,Final Screening Assessment forPseudomonas putida ATCC 12633Pseudomonas putida ATCC 31483Pseudomonas putida ATCC 31800Pseudomonas putida ATCC 700369,p. 2 ,,Direct,,Original source is Bergey's manual
Mycobacterium smegmatis,rod,,,0.58,,,3.54,,,,,,,Yamada et al. 2018,"Mycolicibacterium smegmatis, Basonym Mycobacterium smegmatis, Expresses Morphological Phenotypes Much More Similar to Escherichia coli Than Mycobacterium tuberculosis in Quantitative Structome Analysis and CryoTEM Examination",p. 6,,Direct,,Table 1
Mycobacterium tuberculosis,rod,,,0.34,,,2.65,,,,,,,Yamada et al. 2018,"Mycolicibacterium smegmatis, Basonym Mycobacterium smegmatis, Expresses Morphological Phenotypes Much More Similar to Escherichia coli Than Mycobacterium tuberculosis in Quantitative Structome Analysis and CryoTEM Examination",p. 4,,Direct,,
Vibrio metschnikovii,rod,,,0.5,1.5,2.5,2,,,,,,,Lee et al. 1978,"Characterization, Taxonomy, and Emended Description of Vibrio metschnikovii ",p. 109,,Direct,,
Salinivibrio costicola,rod,,,0.5,1.5,3.2,2.35,,,,,,,Huang et al. 2000,"Salinivibrio costicola subsp. vallismortis subsp. nov., a halotolerant facultative anaerobe from Death Valley, and emended description of Salinivibrio costicola.",p. 620,,Direct,,
Myojin parakaryote,helical,0.15,0.22,0.185,0.917,2.386,1.768,0.185,0.319,0.241,0.378,0.535,0.445,Yamaguchi et al. 2016,High-voltage electron microscopy tomography and structome analysis of unique spiral bacteria from the deep sea ,p. 368,,Direct,,Table 1
Myojin amorphous bacteria,sphere,,,0.65,,,,,,,,,,Yamaguchi et al. 2018,Electron Microscopy and Structome Analysis of Unique Amorphous Bacteria from the Deep Sea in Japan,p. 340,,Direct,,Table 1; Taken to be a sphere with diameter taht will give S:V reported in table
Ottowia thiooxydans,rod,,,0.8,2,6,4,,,,,,,Spring et al. 2004,"Ottowia thiooxydans gen. nov., sp. nov., a novel facultatively anaerobic, N2O-producing bacterium isolated from activated sludge, and transfer of Aquaspirillum gracile to Hylemonella gracilis gen. nov., comb. nov.",p. 104,,Direct,,
Flavobacterium johnsoniae,rod,,,0.45,5,10,7.5,,,,,,,Liu et al. 2007,Cell Surface Filaments of the Gliding Bacterium Flavobacterium johnsoniae Revealed by Cryo-Electron Tomography,p. 7505,,Direct,,
Chrysobacterium greenlandense,rod,0.4,0.5,0.45,0.6,1.2,0.9,,,,,,,Loveland-Curtze et al. 2009,"Novel ultramicrobacterial isolates from a deep Greenland ice core represent a proposed new species, Chryseobacterium greenlandense sp. nov.",p. 67,,Direct,,
Chlamydia trachomatis,sphere,,,1.1,,,,,,,,,,Huang et al. 2010,Cryo-electron tomography of Chlamydia trachomatis gives a clue to the mechanism of outer membrane changes,p. 239,,Direct,,
Acinetobacter baumannii,rod,,,0.77,,,1.54,,,,,,,Koning et al. 2013,Cryo-electron tomography analysis of membrane vesicles from Acinetobacter baumannii ATCC19606T,p. 399,,Direct,,
Legionella micdadei,rod,0.4,0.5,0.45,1.5,2,1.75,,,,,,,Hebert et al. 1984,"Comparison of Legionella pneumophila, L. micdadei, L. bozemanii, and L. dumoffii by transmission electron microscopy",p. 117,,Direct,,
Methanobrevibacter filiformis,rod,0.23,0.28,0.255,,,50,,,,,,,Leadbetter et al. 1998,"Methanobrevibacter filiformis sp. nov., a filamentous methanogen from termite hindguts",p. 291,,Direct,,
Acetonema longum,rod,0.3,0.4,0.35,6,60,33,,,,,,,Kane and Breznak 1991,"Acetonema longum gen. nov. sp. nov., an H2/CO2 acetogenic bacterium from the termite, Pterotermes occidentis ",Abstract,,Direct,,
Asticcacaulis biprosthecum,rod,,,0.5,,,1,,,,,,,Pate and Ordal 1965,THE FINE STRUCTURE OF TWO UNUSUAL STALKED BACTERIA ,p. 136,,Direct,,
Brucella abortus,rod,,,0.5,1,1.2,1.1,,,,,,,De Petris et al. 1964,The Ultrastructure of S and R Variants of Brucella abortus Grown on a Lifeless Medium,p. 374,,Direct,,
Deinococcus radiodurans,sphere,,,1,,,,,,,,,,Slade and Radman 2011,Oxidative Stress Resistance in Deinococcus radiodurans,p. 134,,Direct,,
Caulobacter crescentus,rod,0.42,0.43,0.425,1.25,1.59,1.42,,,,,,,Fukuda et al. 1977,Stalkless mutants of Caulobacter crescentus,p. 284; Table 2,,Direct,,
Orientia tsutsugamushi,rod,0.5,0.7,0.6,1.2,2.5,1.85,,,,,,,Urakami et al. 1984,Electron Microscopic Studies on Intracellular Multiplication of Rickettsia tsutsugamushi in L Cells,p. 1195,,Direct,,
Orientia tsutsugamushi,rod,0.5,0.8,0.65,1.2,3,2.1,,,,,,,Tamura et al. 1991,A Comparative View of Rickettsia tsutsugamushi and the Other Groups of Rickettsiae,p. 260; Table 1,,Direct,,
Veillonella parvula,sphere,,,0.4,,,,,,,,,,Stephen and Hamilton 1970,Lactate Metabolism by Veillonella parvula,p. 999,,Direct,,
Vibrio marinus,rod,,,1,3,4,3.5,,,,,,,Felter et al. 1969,Morphology and Round Body Formation in Vibrio marinus,p. 329,,Direct,,
Streptococcus gordonii,sphere,,,1.2,,,,,,,,,,Scannapieco et al. 1992,Characterization of an amylase-binding component of Streptococcus gordonii G9B,p. 4731; Figure 4C,,ImageJ,,
Leptospira interrogans,helical,,,0.13,,,9.4,,,0.49,,,0.352,Vincent et al. 2019,Revisiting the taxonomy and evolution of pathogenicity of the genus Leptospira through the prism of genomics,In Supplement file: pntd.0007270.s005.xlsx and pntd.0007270.s008.tiff for helix diameter,,Direct_ImageJ,,
Leptospira biflexa,helical,,,0.17,,,12.2,,,0.68,,,0.469,Vincent et al. 2019,Revisiting the taxonomy and evolution of pathogenicity of the genus Leptospira through the prism of genomics,In Supplement file: pntd.0007270.s005.xlsx and pntd.0007270.s008.tiff for helix diameter,,Direct_ImageJ,,
Leptospira icterohaemorrhagiae,helical,,,0.14,4,10,7,0.3,0.6,0.45,,,0.25,Morton and Anderson 1943,The Morphology of Leptospira icterohemorrhagiae and L. canicola as Revealed by the Electron Microscope,p. 145-6,,Direct,,
Leptospira kobayashii,helical,,,0.23,,,14.5,,,0.65,,,0.352,Vincent2019,Revisiting the taxonomy and evolution of pathogenicity of the genus Leptospira through the prism of genomics,In Supplement file: pntd.0007270.s005.xlsx and pntd.0007270.s008.tiff for helix diameter,,Direct_ImageJ,,
Leptospira licerasiae,helical,,,0.16,,,12.3,,,0.51,,,0.484,Vincent2019,Revisiting the taxonomy and evolution of pathogenicity of the genus Leptospira through the prism of genomics,In Supplement file: pntd.0007270.s005.xlsx and pntd.0007270.s008.tiff for helix diameter,,Direct_ImageJ,,
Leptospira idonii,helical,,,0.2,,,10.6,,,0.9,,,,Vincent2019,Revisiting the taxonomy and evolution of pathogenicity of the genus Leptospira through the prism of genomics,In Supplement file: pntd.0007270.s005.xlsx and pntd.0007270.s008.tiff for helix diameter,,Direct_ImageJ,,
Leptospira ognonensis,helical,,,0.22,,,10.6,,,0.66,,,0.363,Vincent2019,Revisiting the taxonomy and evolution of pathogenicity of the genus Leptospira through the prism of genomics,In Supplement file: pntd.0007270.s005.xlsx and pntd.0007270.s008.tiff for helix diameter,,Direct_ImageJ,,
Leptospira ilyithenensis,helical,,,0.21,,,12.6,,,0.92,,,0.423,Vincent2019,Revisiting the taxonomy and evolution of pathogenicity of the genus Leptospira through the prism of genomics,In Supplement file: pntd.0007270.s005.xlsx and pntd.0007270.s008.tiff for helix diameter,,Direct_ImageJ,,
Leptospira canicola,helical,,,0.24,,,11.46,,,0.3937,,,0.25,Kim1989,Electromicroscopical study on morphological structure of leptospires,p. 185; Table 2,Helix diameter taken from L. icterohaemorrhagiae as they are similar to one another (see Morton and Anderson 1943),Direct,,