species,Growth rate (per day),Growth temperature,Q10-correction,Log10 of Q10,Reference,Reference title,Location in the reference,comment
Treponema pallidum,0.5041070404,34,0.1397676782,-0.8545932493,Edmondson et al. 2018,Long-Term In Vitro Culture of the Syphilis Spirochete Treponema pallidum subsp. pallidum,p. 3; Table 2,
Treponema denticola,0.790833029,37,0.1665661642,-0.7784132155,Tanno-Nakanishi et al. 2018,Treponema denticola transcriptional profiles in serum-restricted conditions,p. 2; Figure 1,
Treponema primitia,0.7561605606,30,0.3024642242,-0.5193259867,Graber and Breznak 2004,"Physiology and Nutrition of Treponema primitia, an H2/ CO2-Acetogenic Spirochete from Termite Hindguts",p. 1308,Taken for ZAS1 on glucose
Serpulina pilosicoli,11.09035489,38,2.131343398,0.3286534281,Trott et al. 1996,"Serpulina pilosicoli sp. nov., the Agent of Porcine Intestinal Spirochetosis",p. 208,
Serpulina hyodysenteriae,4.158883083,38,0.7992537743,-0.09731530418,Trott et al. 1996,"Serpulina pilosicoli sp. nov., the Agent of Porcine Intestinal Spirochetosis",p. 208,
Serpulina innocens,4.158883083,38,0.7992537743,-0.09731530418,Trott et al. 1996,"Serpulina pilosicoli sp. nov., the Agent of Porcine Intestinal Spirochetosis",p. 208,
Spirochaeta aurantia,0.9615914644,30,0.3846365857,-0.414949409,Lilburn et al. 2001,Nitrogen Fixation by Symbiotic and Free-Living Spirochetes,p. 2496,
Spirochaeta zuelzerae,0.7921682064,30,0.3168672825,-0.4991226006,Lilburn et al. 2001,Nitrogen Fixation by Symbiotic and Free-Living Spirochetes,p. 2496,
Borrelia sp.,3.261869085,37,0.6870186266,-0.1630314881,Guner et al. 2003,"A novel, fast-growing Borrelia sp. isolated from the hard tick Hyalomma aegyptium in Turkey ",p. 2541,
Borrelia hermsii,1.788766918,35,0.452526213,-0.3443562588,James et al. 2017,Cis-acting DNA elements flanking the variable major protein expression site of Borrelia hermsii are required for murine persistence,p. 5,
Spiroplasma citri,4.158883083,31,1.517898395,0.1812427019,Lee and Davis 1984,"New media for rapid growth of Spiroplasma citri and corn stunt spiroplasma [Zea mays, maize, Catharanthus roseus, citrus stubborn disease] ",p. 87,Special medium for rapid growth
Spiroplasma kunkelii,1.446568029,31,0.5279646593,-0.2773951471,Lee and Davis 1984,"New media for rapid growth of Spiroplasma citri and corn stunt spiroplasma [Zea mays, maize, Catharanthus roseus, citrus stubborn disease] ",p. 88,Special medium for rapid growth
Spiroplasma alleghenense,2.599301927,30,1.039720771,0.0169167201,Adams et al. 1997,"Spiroplasma alleghenense sp. nov., a New Species from the Scorpion Fly Panorpa helena (Mecoptera: Panorpidae)",Abstract,
Leptospira interrogans,0.9190901842,28,0.4415766709,-0.3549938791,Ratet et al. 2014,Live Imaging of Bioluminescent Leptospira interrogans in Mice Reveals Renal Colonization as a Stealth Escape from the Blood Defenses and Antibiotics,p. 3,"Note that it grows faster in vivo, but I don't know what shape and size it has"
Brevinema andersonii,1.330842587,32,0.4431989056,-0.3534013207,Defosse et al. 1995,"Brevinema andersonii gen. nov., sp. nov., an Infectious Spirochete Isolated from the Short-Tailed Shrew (Blarina brevicauda) and the White-Footed Mouse (Peromyscus leucopus)",p. 80,It has mostly C14 lipids
Spiroplasma leptinotarsae,2.310490602,30,0.9241962407,-0.03423580235,Hackett et al. 1996,"Spiroplasma leptinotarsae sp. nov., a Mollicute Uniquely Adapted to Its Host, the Colorado Potato Beetle, Leptinotarsa decemlineata (Coleoptera: Chrysomelidae)",Abstract,
Spiroplasma poulsonii,1.052881793,30,0.4211527173,-0.3755603929,Williamson et al. 1999,"Spiroplasma poulsonii sp. nov., a new species associated with male-lethality in Drosophila willistoni, a neotropical species of fruit fly",p. 614,
Spiroplasma eriocheiris,0.6931471806,30,0.2772588722,-0.5571145476,Wang et al. 2011,"Spiroplasma eriocheiris sp. nov., associated with mortality in the Chinese mitten crab, Eriocheir sinensis",Abstract,
Spiroplasma monobiae,8.755543333,32,2.915782274,0.4647550914,Whitcomb et al. 1993,Spiroplasma monobiae sp. nov. from the Vespid Wasp Monobia quadridens (Hymenoptera: Vespidae),Abstract,
Spiroplasma syrphidicola,16.63553233,32,5.53998632,0.7435086924,Whitcomb et al. 1996,"Spiroplasma syrphidicola sp. nov., from a Syrphid Fly (Diptera: Syrphidae)",Abstract,
Spirochaeta odontotermitis,2.772588722,32,0.9233310534,-0.03464255803,Sravanthi et al. 2016,"Alkalispirochaeta cellulosivorans gen. nov., sp. nov., a cellulose-hydrolysing, alkaliphilic, halotolerant bacterium isolated from the gut of a wood-eating cockroach (Cryptocercus punctulatus), and reclassification of four species of Spirochaeta as new combinations within Alkalispirochaeta gen. nov.",p. 4590,
Serpulina intermedia,5.545177444,39,0.9723652539,-0.01217056844,Stanton et al. 1997,Recognition of Two New Species of Intestinal Spirochetes: Serpulina intermedia sp. nov. and Serpulina murdochii sp. nov.,p. 1009,
Spirochaeta americana,3.327106467,37,0.7007589991,-0.1544313163,Hoover et al. 2003,"Spirochaeta americana sp. nov., a new haloalkaliphilic, obligately anaerobic spirochaete isolated from soda Mono Lake in California",p. 816,
Borrelia anserina,2.079441542,37,0.4379743745,-0.358551299,Aslam et al. 2012,Evaluation of BSK-H complete medium supplemented with rabbit serum and sodium bicarbonate for the growth of Borrelia anserina,p. 184,
Arcobacter butzleri,13.68,30,5.472,0.7381460887,Hilton et al. 2001,The recovery of Arcobacter butzleri NCTC 12481 from various temperature treatments,Abstract,Not sure what number of form 00.57 means
Spirochaeta stenostrepta,2.772588722,30,1.109035489,0.0449454437,Hespell and Canale-Parola 1970,Carbohydrate Metabolism in Spirochaeta stenostrepta,p. 218,
Spirillum volutans,5.941261548,30,2.376504619,0.3759386627,Alban and Krieg 1998,A hydrogen peroxide resistant mutant of Spirillum volutans has NADH peroxidase activity but no increased oxygen tolerance,p. 89,
Flavobacterium antarcticum,3.395006599,21.2,3.041500006,0.4830878217,Yi et al. 2005,"Flavobacterium antarcticum sp. nov., a novel psychrotolerant bacterium isolated from the Antarctic ",p. 638,
Flavobacterium weaverense,5.73639046,15.3,8.824101784,0.9456705089,Yi and Chun 2006,"Flavobacterium weaverense sp. nov. and Flavobacterium segetis sp. nov., novel psychrophiles isolated from the Antarctic",p. 1241,
Flavobacterium segetis,2.446401814,14.3,4.124331783,0.615353595,Yi and Chun 2006,"Flavobacterium weaverense sp. nov. and Flavobacterium segetis sp. nov., novel psychrophiles isolated from the Antarctic",p. 1241,
Dechloromonas denitrificans,2.559312667,30,1.023725067,0.01018333744,Horn et al. 2005,"Dechloromonas denitrificans sp. nov., Flavobacterium denitrificans sp. nov., Paenibacillus anaericanus sp. nov. and Paenibacillus terrae strain MH72, N2O-producing bacteria isolated from the gut of the earthworm Aporrectodea caliginosa ",p. 1262,
Flavobacterium denitrificans,2.278840046,25,1.441264994,0.1587438383,Horn et al. 2005,"Dechloromonas denitrificans sp. nov., Flavobacterium denitrificans sp. nov., Paenibacillus anaericanus sp. nov. and Paenibacillus terrae strain MH72, N2O-producing bacteria isolated from the gut of the earthworm Aporrectodea caliginosa ",p. 1263,
Paenibacillus anaericanus,3.327106467,32.5,1.058380154,0.02464168758,Horn et al. 2005,"Dechloromonas denitrificans sp. nov., Flavobacterium denitrificans sp. nov., Paenibacillus anaericanus sp. nov. and Paenibacillus terrae strain MH72, N2O-producing bacteria isolated from the gut of the earthworm Aporrectodea caliginosa ",p. 1263,
Zobellia galactinovorans,19.9626388,35,5.050192537,0.7033079358,Barbeyron et al. 2001,"Zobellia galactanovorans gen. nov., sp. nov., a marine species of Flavobacteriaceae isolated from a red alga, and classification of [Cytophaga] uliginosa (ZoBell and Upham 1944) Reichenbach 1989 as Zobellia uliginosa gen. nov., comb. nov.",p. 989,
Treponema azotonutricium,0.4753009238,30,0.1901203695,-0.7209713503,Graber et al. 2010,"Description of Treponema azotonutricium sp. nov. and Treponema primitia sp. nov., the First Spirochetes Isolated from Termite Guts",p. 1317; Table 1,
Alkalibacterium olivoapovliticus SN4c,5.76,29.5,2.412012061,0.3823794752,Ntougias and Russell 2001,"Alkalibacterium olivoapovliticus gen. nov., sp. nov., a new obligately alkaliphilic bacterium isolated from edible-olive wash-waters. ",p. 1164; Table 1,
Alkalibacterium olivoapovliticus SN4a,4.08,29.5,1.708508543,0.2326171549,Ntougias and Russell 2001,"Alkalibacterium olivoapovliticus gen. nov., sp. nov., a new obligately alkaliphilic bacterium isolated from edible-olive wash-waters. ",p. 1164; Table 1,
Treponema phagedenis,0.2172594618,37,0.04575943827,-1.339519315,Espiritu et al. 2020,Genotypic and Phenotypic Characterization of Treponema phagedenis from Bovine Digital Dermatitis,p. 4; Figure 3,
Psychroflexus torquis,0.2642273333,5,1.044450241,0.01888775464,Feng et al. 2015,Proteomic Insight into Functional Changes of Proteorhodopsin-Containing Bacterial Species Psychroflexus torquis under Different Illumination and Salinity Levels,Figure S2,
Bacteroides thetaiotamicron,9.241962407,37,1.946552775,0.2892661829,Rangarajan et al. 2020,Nutrient-dependent morphological variability of Bacteroides thetaiotaomicron ,p. 625,
Akkermansia muciniphila,11.09035489,37,2.33586333,0.368447429,Derrien et al. 2004,"Akkermansia muciniphila gen. nov., sp. nov., a human intestinal mucin-degrading bacterium",p. 1473,
Spirochaeta coccoides,0.777361324,30,0.3109445296,-0.5073170793,Droge et al. 2006,"Spirochaeta coccoides sp. nov., a Novel Coccoid Spirochete from the Hindgut of the Termite Neotermes castaneus",p. 394; Table 1,
Serpulina alvinipulli,5.545177444,37,1.167931665,0.06741743329,Stanton et al. 1998,"Serpulina alvinipulli sp. nov., a new Serpulina species that is enteropathogenic for chickens",Abstract,
Brachyspira suanatina,8.317766167,37,1.751897498,0.2435086924,Mushtaq et al. 2015,"Brachyspira suanatina sp. nov., an enteropathogenic intestinal spirochaete isolated from pigs and mallards: genomic and phenotypic characteristics",p. 4,
Spirochaeta perfilievii,2.640560688,28,1.268656785,0.1033441464,Dubinina et al. 2011,"Spirochaeta perfilievii sp. nov., an oxygen-tolerant, sulfide-oxidizing, sulfur- and thiosulfate-reducing spirochaete isolated from a saline spring",p. 112,
Spirochaeta cellobiosiphila,8.755543333,37,1.844102629,0.2657850871,Breznak and Warnecke 2008,"Spirochaeta cellobiosiphila sp. nov., a facultatively anaerobic, marine spirochaete",p. 2763,
Spirochaeta bajacaliforniensis,6.654212933,35,1.683397512,0.2261866811,Shivani et al. 2016,"Description of ‘Candidatus Marispirochaeta associata’ and reclassification of Spirochaeta bajacaliforniensis, Spirochaeta smaragdinae and Spirochaeta sinaica to a new genus Sediminispirochaeta gen. nov. as Sediminispirochaeta bajacaliforniensis comb. nov., Sediminispirochaeta smaragdinae comb. nov. and Sediminispirochaeta sinaica comb. nov.",p. 5489; Table 1,
Spirochaeta isovalerica,2.772588722,30,1.109035489,0.0449454437,Harwood and Canale-Parola 1983,"Spirochaeta isovalerica sp. nov., a Marine Anaerobe That Forms Branched-Chain Fatty Acids as Fermentation Products",p. 575,Averaged growth across strains
Spirochaeta litoralis,6.398281667,31,2.335228301,0.3683293452,Subhash and Lee 2017,"Description of Oceanispirochaeta sediminicola gen. nov., sp. nov., an obligately anaerobic bacterium isolated from coastal marine sediments, and reclassification of Spirochaeta litoralis as Oceanispirochaeta litoralis comb. nov.",p. 3406,Not sure what is the growth temperature
Spirochaeta psychrophila,0.4057446911,15,0.6415386861,-0.1927771496,Miyazaki et al. 2014,"Spirochaeta psychrophila sp. nov., a psychrophilic spirochaete isolated from subseafloor sediment, and emended description of the genus Spirochaeta",p. 2801,
Spirochaeta smaragdinae,0.6654212933,37,0.1401517998,-0.8534013207,Magot et al. 1997,"Spirochaeta smaragdinae sp. nov., a new mesophilic strictly anaerobic spirochete from an oil field",p. 189,
Rectinema cohabitans,2.218070978,37,0.4671726661,-0.3305225754,Koelschbach et al. 2017,"Rectinema cohabitans gen. nov., sp. nov., a rod-shaped spirochaete isolated from an anaerobic naphthalene-degrading enrichment culture",p. 1291,
Sphaerochaeta halotolerans,0.6575309223,35,0.1663436277,-0.7789938314,Bidzhieva et al. 2020,"Sphaerochaeta halotolerans sp. nov., a novel spherical halotolerant spirochete from a Russian heavy oil reservoir, emended description of the genus Sphaerochaeta, reclassification of Sphaerochaeta coccoides to a new genus Parasphaerochaeta gen. nov. as Parasphaerochaeta coccoides comb. nov. and proposal of Sphaerochaetaceae fam. nov.",p. 4750,
Borrelia burgdorferi,1.386294361,34,0.384361115,-0.4152605554,Bontemps-Gallo et al. 2018,Genomic and phenotypic characterization of Borrelia afzelii BO23 and Borrelia garinii CIP 103362,p. 5,
Treponema isoptericolens,0.3696784963,30,0.1478713985,-0.8301158197,Droge et al. 2008,"Treponema isoptericolens sp. nov., a novel spirochaete from the hindgut of the termite Incisitermes tabogae",p. 1082,
Magnetospirillum gryphiswaldense,4.057446911,28,1.94939945,0.2899008391,Toro-Nahuelpan et al. 2019,A gradient-forming MipZ protein mediating the control of cell division in the magnetotactic bacterium Magnetospirillum gryphiswaldense,p. 1426,
Tannerella forsythia,1.171516362,37,0.2467461265,-0.6077496564,Yost and Duran-Pinedo 2019,The contribution of Tannerella forsythia dipeptidyl aminopeptidase IV in the breakdown of collagen,p. 413,
Spirochaeta thermophila,14.25902771,67,0.1922081826,-0.7162281276,Aksenova et al. 1992,"Spirochaeta thermophila sp. nov., an Obligately Anaerobic, Polysaccharolytic, Extremely Thermophilic Bacterium",p. 176,
Sphingomonas sp. RB2256,3.84,25,2.428629243,0.38536122,Eguchi et al. 1996,Responses to Stress and Nutrient Availability by the Marine Ultramicrobacterium Sphingomonas sp. Strain RB2256,Abstract,
Photobacterium angustum,4.8,5,18.97366596,1.27815125,Bjornsdottir-Butler et al. 2016,"Photobacterium angustum and Photobacterium kishitanii, Psychrotrophic High-Level Histamine-Producing Bacteria Indigenous to Tuna",Abstract,
Photobacterium kishitanii,2.4,5,9.486832981,0.9771212547,Bjornsdottir-Butler et al. 2016,"Photobacterium angustum and Photobacterium kishitanii, Psychrotrophic High-Level Histamine-Producing Bacteria Indigenous to Tuna",Abstract,
Pelagimonas varians,5.73639046,30,2.294556184,0.3606986962,Hahnke et al. 2013,"Pelagimonas varians gen. nov., sp. nov., isolated from the southern North Sea",p. 837,
Polynucleobacter asymbioticus,2.1,27,1.105761052,0.04366128866,Watanabe et al. 2017,Growth rates and tolerance to low water temperatures of freshwater bacterioplankton strains: ecological insights from shallow hypereutrophic lakes in Japan,p. 76; Table 3,Taken for KF022 because it is closest to asymbioticus
Desulfovibrio vulgaris,6.707875941,33,2.038276093,0.3092630107,Fievet et al. 2015,Single-Cell Analysis of Growth and Cell Division of the Anaerobe Desulfovibrio vulgaris Hildenborough,p. 5,
Mycoplasma pulmonis,11.45397308,37,2.412449013,0.3824581434,Dybwig1989,High-frequency variation in Mycoplasma pulmonis colony size,p. 5166; Table 2,
Leptospira biflexa,2.86819523,30,1.147278092,0.05966870052,Larson et al. 1959,GROWTH STUDIES AND PLATE COUNTING OF LEPTOSPIRES,p. 363; Table 2,
Mycoplasma orale,4.995655355,37,1.052190689,0.02209445451,Furness 1968,Analysis of the Growth Cycle of Mycoplasma orale by Synchronized Division and by Ultraviolet Irradiation,p. 440,
Mycoplasma felis,13.58002639,37,2.860240813,0.4564025993,Boatman and Kenny 1970,"Three-Dimensional Morphology, Ultrastructure, and Replication of Mycoplasma felis",Abstract,
Mycoplasma hyorhinis,3.119162313,35,0.7890925839,-0.1028720382,Gardella and Guidice 1995,Growth of Mycoplasma hyorhinis cultivar alpha on semisynthetic medium,p. 1977,
Mycoplasma feriruminatoris,35.64756929,37,7.508132134,0.8755319071,Ambroset et al. 2017,Identification and Characterization of Mycoplasma feriruminatoris sp. nov. Strains Isolated from Alpine Ibex: A 4th Species in the Mycoplasma mycoides Cluster Hosted by Non-domesticated Ruminants?,p. 2,
Mycoplasma ovipneumoniae,9.785607255,37,2.06105588,0.3140897666,Major 1977,"An in vitro study of the replication, morphology and DNA base composition of Mycoplasma ovipneumoniae : a thesis presented in partial fulfilment of the requirements for the degree of Master of Science in Microbiology at Massey University, New Zealand",p. 74,
Mycoplasma agalactiae,1.848392481,37,0.3893105551,-0.4097038214,Hedge 2014, Understanding the pathogenicity of mycoplasma agalactiae through In vitro and In vivo infection studies ,p. 149; Figure 1,
Mycoplasma mycoides,7.561605606,37,1.592634089,0.2021160072,Rodwell 1983,Methods in Mycoplasmology V1,p. 168,
Acholeplasma morum,48.92803627,37,10.3052794,1.013059771,Beaman 1982,ENERGY  PRODUCTION  IN  MOLLICUTES ,p. 26,
Mycoplasma gallisepticum,13.74837383,37,2.895698344,0.4617533177,Beaman 1982,ENERGY  PRODUCTION  IN  MOLLICUTES ,p. 27,
Mycoplasma fermentans,26.40560688,37,5.561579358,0.7451981386,Beaman 1982,ENERGY  PRODUCTION  IN  MOLLICUTES ,p. 28,
Mycoplasma agalactiae,8.943834588,37,1.88376075,0.2750257438,Beaman 1982,ENERGY  PRODUCTION  IN  MOLLICUTES ,p. 29,
Mycoplasma arginini,5.056392807,37,1.064983281,0.02734279006,Beaman 1982,ENERGY  PRODUCTION  IN  MOLLICUTES ,p. 30,
Mycoplasma neurolyticum,4.03,36,0.9302528993,-0.03139896773,Hottle and Wright 1966,Growth and Survival of Mycoplasma neurolyticum in Liquid Media,p. 1836; Figure 3,The difference between the first two time points averaged across horse serum with and without 0.5% glucose (Figure 3); Y-axis multiplied by 2.303 to convert to natural logarithm
Mycoplasma salivarium,5.337033152,37,1.124092074,0.05080188574,Furness 1970,The Growth and Morphology of Mycoplasmas Replicating in Synchrony,p. 150,
Mycoplasma arthritidis,6.093601587,37,1.28344139,0.108376041,Furness 1970,The Growth and Morphology of Mycoplasmas Replicating in Synchrony,p. 150,
Mycoplasma fermentans,17.82378464,37,3.754066067,0.5745019114,Furness 1970,The Growth and Morphology of Mycoplasmas Replicating in Synchrony,p. 150,
Mycoplasma hominis,14.46568029,37,3.046778257,0.4838408477,Furness 1970,The Growth and Morphology of Mycoplasmas Replicating in Synchrony,p. 150,
Mycoplasma orale,5.545177444,37,1.167931665,0.06741743329,Furness 1970,The Growth and Morphology of Mycoplasmas Replicating in Synchrony,p. 150,
Mesoplasma florum,31.43722646,34,8.716220561,0.9403282114,Matteau et al. 2020,Integrative characterization of the near-minimal bacterium Mesoplasma florum,p. 3,
Flavobacterium limicola,2.918514444,20,2.918514444,0.4651618471,Tamaki et al. 2003,"Flavobacterium limicola sp. nov., a psychrophilic, organic-polymer-degrading bacterium isolated from freshwater sediments",HTML,
Flavobacterium limicola,2.86819523,20,2.86819523,0.4576087092,Tamaki et al. 2003,"Flavobacterium limicola sp. nov., a psychrophilic, organic-polymer-degrading bacterium isolated from freshwater sediments",HTML,
Flavobacterium limicola,1.299650964,15,2.054928604,0.3127967374,Tamaki et al. 2003,"Flavobacterium limicola sp. nov., a psychrophilic, organic-polymer-degrading bacterium isolated from freshwater sediments",HTML,
Spiroplasma cantharicola,6.398281667,32,2.130763969,0.3285353444,Whitcomb et al. 1993,"Spiroplasma cantharicola sp. nov., from Cantharid Beetles (Coleoptera: Cantharidae)",Abstract,
Spiroplasma culicicola,15.12321121,31,5.519630529,0.7419100081,Hung et al. 1987,Spiroplasma culicicola sp. nov. from the Salt Marsh Mosquito Aedes sollicitans,p. 368,
Verrucomirobium sp.,2.819581751,30,1.127832701,0.05224468244,Janssen et al. 1997,Novel anaerobic ultramicrobacteria belonging to the Verrucomicrobiales lineage of bacterial descent isolated by dilution culture from anoxic rice paddy soil,p. 1385,
UMB 12-3,11.09035489,30,4.436141956,0.647005435,Iizuki et al. 1998,Isolation and phylogenetic analysis of aerobic copiotrophic ultramicrobacteria from urban soil,p. 79; Table 2,
UMB 12-4,6.931471806,30,2.772588722,0.4428854524,Iizuki et al. 1998,Isolation and phylogenetic analysis of aerobic copiotrophic ultramicrobacteria from urban soil,p. 79; Table 2,
UMB 12-5,7.561605606,30,3.024642242,0.4806740133,Iizuki et al. 1998,Isolation and phylogenetic analysis of aerobic copiotrophic ultramicrobacteria from urban soil,p. 79; Table 2,
UMB 13-8,5.941261548,30,2.376504619,0.3759386627,Iizuki et al. 1998,Isolation and phylogenetic analysis of aerobic copiotrophic ultramicrobacteria from urban soil,p. 79; Table 2,
UMP DY01,11.09035489,30,4.436141956,0.647005435,Iizuki et al. 1998,Isolation and phylogenetic analysis of aerobic copiotrophic ultramicrobacteria from urban soil,p. 79; Table 2,
UMB ND5,11.09035489,30,4.436141956,0.647005435,Iizuki et al. 1998,Isolation and phylogenetic analysis of aerobic copiotrophic ultramicrobacteria from urban soil,p. 79; Table 2,
UMB 114,11.09035489,30,4.436141956,0.647005435,Iizuki et al. 1998,Isolation and phylogenetic analysis of aerobic copiotrophic ultramicrobacteria from urban soil,p. 79; Table 2,
UMB D-5,9.241962407,30,3.696784963,0.567824189,Iizuki et al. 1998,Isolation and phylogenetic analysis of aerobic copiotrophic ultramicrobacteria from urban soil,p. 79; Table 2,
UMB D-6,2.86819523,30,1.147278092,0.05966870052,Iizuki et al. 1998,Isolation and phylogenetic analysis of aerobic copiotrophic ultramicrobacteria from urban soil,p. 79; Table 2,
UMB D-7,2.86819523,30,1.147278092,0.05966870052,Iizuki et al. 1998,Isolation and phylogenetic analysis of aerobic copiotrophic ultramicrobacteria from urban soil,p. 79; Table 2,
UMB MY14,2.819581751,30,1.127832701,0.05224468244,Iizuki et al. 1998,Isolation and phylogenetic analysis of aerobic copiotrophic ultramicrobacteria from urban soil,p. 79; Table 2,
UMB 12-8,3.86872845,30,1.54749138,0.1896282385,Iizuki et al. 1998,Isolation and phylogenetic analysis of aerobic copiotrophic ultramicrobacteria from urban soil,p. 79; Table 2,
UMB 13-2,6.398281667,30,2.559312667,0.4081233461,Iizuki et al. 1998,Isolation and phylogenetic analysis of aerobic copiotrophic ultramicrobacteria from urban soil,p. 79; Table 2,
Elusimicrobium minutum,1.512321121,30,0.6049284485,-0.2182959911,Geissinger et al. 2009,"The Ultramicrobacterium “Elusimicrobium minutum” gen. nov., sp. nov., the First Cultivated Representative of the Termite Group 1 Phylum",p. 2835,
Herminiimonas glaciei,4.158883083,30,1.663553233,0.2210367028,Loveland-Curtze et al. 2009,"Herminiimonas glaciei sp. nov., a novel ultramicrobacterium from 3042 m deep Greenland glacial ice",p. 1274,
Endomicrobium proavitum,0.2559312667,30,0.1023725067,-0.9898166626,Zheng et al. 2016,"Endomicrobium proavitum, the first isolate of Endomicrobia class. nov. (phylum Elusimicrobia) – an ultramicrobacterium with an unusual cell cycle that fixes nitrogen with a Group IV nitrogenase",p. 193,
Victivallis vadensis,33.27106467,37,7.007589991,0.8455686837,Zoetendal et al. 2003,"Victivallis vadensis gen. nov., sp. nov., a sugar-fermenting anaerobe from human faeces",Abstract,
Fimbriimonas ginsengisoli,1.237762822,30,0.495105129,-0.3053025746,Wan-Taek et al. 2012,"Description of Fimbriimonas ginsengisoli gen. nov., sp. nov. within the Fimbriimonadia class nov., of the phylum Armatimonadetes",p. 311,
Spiroplasma phoeniceum,1.884,32,0.6274120971,-0.2024471119,Saillard et al. 1987,"Spiroplasma phoeniceum sp. nov., a New Plant-Pathogenic Species from Syria",p. 109; Figure 3,
Treponema saccharophilum,0.4620981204,38,0.08880597492,-1.051557814,Paster and Canale-Parola 1985,"Treponema saccharophilum sp. nov., a large pectinolytic spirochete from the bovine rumen",p. 215,
Spirochaeta alkalica,1.392,35,0.3521512402,-0.4532707777,Zhilina et al. 1996,"Spirochaeta alkalica sp. nov., Spirochaeta africana sp. nov., and Spirochaeta asiatica sp. nov., Alkaliphilic Anaerobes from the Continental Soda Lakes in Central Asia and the East African Rift",p. 308; Figure 4,
Spirochaeta africana,1.536,35,0.3885806789,-0.4105187973,Zhilina et al. 1996,"Spirochaeta alkalica sp. nov., Spirochaeta africana sp. nov., and Spirochaeta asiatica sp. nov., Alkaliphilic Anaerobes from the Continental Soda Lakes in Central Asia and the East African Rift",p. 308; Figure 4,
Spirochaeta asiatica,1.176,35,0.2975070823,-0.5265026913,Zhilina et al. 1996,"Spirochaeta alkalica sp. nov., Spirochaeta africana sp. nov., and Spirochaeta asiatica sp. nov., Alkaliphilic Anaerobes from the Continental Soda Lakes in Central Asia and the East African Rift",p. 308; Figure 4,
Mycoplasma meleagridis,2.546,37,0.5362414548,-0.2706396154,Green and Hanson 1973,Ultrastructure and Capsule of Mycoplasma meleagridis,p. 1012; Figure 1,
Spiroplasma floricola,8.317766167,30,3.327106467,0.5220666984,Whitcomb et al. 1982,Application of the Growth Inhibition Test to Spiroplasma Taxonomy,p. 391; paragraph 1,
Pseudoalteromonas piscicida Cura-d,28.51805543,25,18.03640192,1.256149904,Nelson and Ghiorse 1999,Isolation and identification of Pseudoalteromonas piscicida strain Cura-d associated with diseased damselfish (Pomacentridae) eggs,p. 257,
Borrelia garinii,1.386294361,34,0.384361115,-0.4152605554,Bontemps-Gallo et al. 2018,Genomic and phenotypic characterization of Borrelia afzelii BO23 and Borrelia garinii CIP 103362,p. 5,
Borrelia recurrentis,1.472171003,36,0.3398241548,-0.4687457546,Dodge 1973,Culture of Ethiopian Strains of Borrelia recurrentis,Abstract,
Tenacibaculum skagerrakense,3.36,31,1.226324113,0.08860526785,Frette et al. 2004,"Tenacibaculum skagerrakense sp. nov., a marine bacterium isolated from the pelagic zone in Skagerrak, Denmark",p. 521; Figure 1,
Ferrobacillus ferrooxidans,3.696784963,32,1.231108071,0.09029617857,Shafia and Wilkinson 1969,Growth of Ferrobacillus ferrooxidans on Organic Matter,p. 257,
Mycobacterium leprae,1.498696607,37,0.3156572068,-0.5007842908,Levy 1976,Studies of the mouse foot pad technique for cultivation of Mycobacterium leprae. 3. Doubling time during logarithmic multiplication ,Abstract,
Mycobacterium lepraemurium,1.386294361,37,0.2919829163,-0.534642558,Silbaq et al. 1989,Doubling time of Mycobacterium lepraemurium in mouse footpads,Abstract,
Mycobacterium phlei,4.158883083,37,0.8759487489,-0.05752130331,Juhasz 1962,Aberrant Forms of Mycobacterium phlei Produced by Streptomycin and their Multiplication on Streptomycin-free Media,p. 10,Tryptose agar
Paracoccus denitrificans,7.921682064,30,3.168672825,0.5008773994,Blaszczyk 1993,Effect of Medium Composition on the Denitrification of Nitrate by Paracoccus denitrificans,p. 3952,Broth
Pseudomonas putida,24.35656271,30,9.742625085,0.9886759904,Fonseca et al. 2011,Growth of Pseudomonas putida at low temperature: global transcriptomic and proteomic analyses,p. 330,LB
Mycobacterium smegmatis,7.232840145,37,1.523389129,0.182810852,Belanger and Hatfull 1999,Exponential-Phase Glycogen Recycling Is Essential for Growth of Mycobacterium smegmatis,p. 6671,Table 2
Yersinia enterocolitica,24.94082809,37,5.253065961,0.7204128541,Une 1977,Studies on the Pathogenicity of Yersinia enterocolitica II. Interaction with Cultured Cells In Vitro,p. 368; Figure 2,
Shigella flexneri,49.95655355,37,10.52190689,1.022094455,Une 1977,Studies on the Pathogenicity of Yersinia enterocolitica II. Interaction with Cultured Cells In Vitro,p. 368; Figure 2,
Salinivibrio costicola,49.906597,37,10.51138499,1.021659943,Huang et al. 2000,"Salinivibrio costicola subsp. vallismortis subsp. nov., a halotolerant facultative anaerobe from Death Valley, and emended description of Salinivibrio costicola.",p. 617,
Flavobacterium johnsoniae,14.46568029,30,5.786272116,0.7623988537,Braun et al. 2005,Flavobacterium johnsoniae Gliding Motility Genes Identified by mariner Mutagenesis,p. 6948,
Chrysobacterium greenlandense,8.317766167,30,3.327106467,0.5220666984,Loveland-Curtze et al. 2009,"Novel ultramicrobacterial isolates from a deep Greenland ice core represent a proposed new species, Chryseobacterium greenlandense sp. nov.",p. 67,
Chlamydia trachomatis,7.561605606,37,1.592634089,0.2021160072,Miyairi et al. 2006,Different Growth Rates of Chlamydia trachomatis Biovars Reflect Pathotype,p. 353,
Legionella micdadei,14.89749164,37,3.137726862,0.4966151357,Weinbaum et al. 1984,Interaction of Legionella micdadei with human monocytes,p. 69,
Acetonema longum,0.4620981204,31.5,0.1611028384,-0.792896808,Kane and Breznak 1991,"Acetonema longum gen. nov. sp. nov., an H2/CO2 acetogenic bacterium from the termite, Pterotermes occidentis ",,
Nocardia erythropolis,7.677938,30,3.0711752,0.4873045922,Pang and Bradley 1974,Regulation of Substrate Uptake in Nocardia erythropolis,p. 401,
Brucella abortus,6.654212933,37,1.401517998,0.1465986793,Rest and Robertson 1974,Glucose Transport in Brucella abortus,p. 251,
Deinococcus radiodurans,9.9813194,32,3.323991792,0.5216599427,Slade and Radman 2011,Oxidative Stress Resistance in Deinococcus radiodurans,p. 134,
Lactobacillus reuteri,5.76,37,1.21317784,0.08392446868,Baca-Castanon et al. 2015,"Antimicrobial Effect of Lactobacillus reuteri on Cariogenic Bacteria Streptococcus gordonii, Streptococcus mutans, and Periodontal Diseases Actinomyces naeslundii and Tannerella forsythia",p. 4,
Streptococcus gordonii,5.52,37,1.162628763,0.06544106299,Baca-Castanon et al. 2015,"Antimicrobial Effect of Lactobacillus reuteri on Cariogenic Bacteria Streptococcus gordonii, Streptococcus mutans, and Periodontal Diseases Actinomyces naeslundii and Tannerella forsythia",p. 4,
Actinomyces naeslundii,7.68,37,1.617570453,0.2088632053,Baca-Castanon et al. 2015,"Antimicrobial Effect of Lactobacillus reuteri on Cariogenic Bacteria Streptococcus gordonii, Streptococcus mutans, and Periodontal Diseases Actinomyces naeslundii and Tannerella forsythia",p. 4,
Tannerella forsythia,8.16,37,1.718668606,0.235192144,Baca-Castanon et al. 2015,"Antimicrobial Effect of Lactobacillus reuteri on Cariogenic Bacteria Streptococcus gordonii, Streptococcus mutans, and Periodontal Diseases Actinomyces naeslundii and Tannerella forsythia",p. 4,
Streptococcus mutans,20.64,37,4.347220592,0.6382116782,Baca-Castanon et al. 2015,"Antimicrobial Effect of Lactobacillus reuteri on Cariogenic Bacteria Streptococcus gordonii, Streptococcus mutans, and Periodontal Diseases Actinomyces naeslundii and Tannerella forsythia",p. 4,
Acinetobacter baumannii,12.63458152,37,2.661110123,0.4250628471,Pramilal et al. 2012,"Brevibacillus parabrevis, Acinetobacter baumannii and Pseudomonas citronellolis - Potential candidates for biodegradation of low density polyethylene (LDPE)",p. 11; Table 1,
Caulobacter crescentus,6.654212933,30,2.661685173,0.4251566854,Degnen and Newton 1972,Dependence of Cell Division on the Completion of Chromosome Replication in Caulobacter crescentus,p. 854; Figure 2,
Asticcacaulis biprosthecum,5.545177444,25,3.507078151,0.5449454437,Tam and Pate 1985,Amino Acid Transport by Prosthecae of Asticcacaulis biprosthecum: Evidence for a Broad-range Transport System,p. 2693; Table 3,
Orientia tsutsugamushi,17.51108667,37,3.688205259,0.5668150827,Hanson 1991,Comparative Susceptibility to Mouse Interferons of  Rickettsia tsutsugamushi Strains with Different  Virulence in Mice and of Rickettsia rickettsii,p. 4136; Table 1,
Chlamydia trachomatis,3.616420072,37,0.7616945643,-0.1182191437,Lambden et al. 2006, The effect of penicillin on Chlamydia trachomatis DNA replication,p. 2576,
Veillonella parvula,11.34240841,37,2.388951133,0.3782072662,Stephen and Hamilton 1970,Lactate Metabolism by Veillonella parvula,p. 1000,
Campylobacter jejuni,8.911892321,37,1.877033033,0.2734719157,Han et al. 2009,Fitness cost of macrolide resistance in Campylobacter jejuni,p. 464,
Streptococcus gordonii,17.38905819,37,3.66250348,0.563778046,Zeng et al. 2012,Two Gene Clusters Coordinate Galactose and Lactose Metabolism in Streptococcus gordonii,p. 5600; Table 1,
Mycoplasma genitalium,1.848392481,37,0.3893105551,-0.4097038214,Karr2012,A Whole-Cell Computational Model Predicts Phenotype from Genotype,p. 392; Figure 2A,
Pelagibacter ubique,0.58,15,0.9170605214,-0.0376020021,Rappe2012,Cultivation of the ubiquitous SAR11 marine bacterioplankton clade,p. 631,
Mycoplasma pneumoniae,1.957121451,36,0.4517662293,-0.3450862368,Low1965,Replication of Mycoplasma pneumoniae in Broth Culture,p. 726,
Mycoplasma capricolum,10.61842489,37,2.236464891,0.3495620848,Seto1998,Cell Reproduction and Morphological Changes in Mycoplasma capricolum,p. 261,
Sphingopyxis alaskensis,5.04,30,2.016,0.3044905278,Ostrowski2001,Specific Growth Rate Plays a Critical Role in Hydrogen Peroxide Resistance of the Marine Oligotrophic UltramicrobacteriumSphingomonas alaskensis Strain RB2256,p. 1293,
Xanthomonas pruni,4.98,20,4.98,0.6972293428,Young1977,The Effects on Temperature on Growth in vitro of Pseudomonas syringae and Xanthomonas pruni,Table 1,Taken from Lynch2021
Haemophilus influenzae,42.29372627,37,8.907953379,0.9497779354,Rubin1986,Comparison of in vivo and in vitro multiplication rates of Haemophilus influenzae type b,p. 912; Table 1,
Xanthomonas campestris,7.0152,29,3.07534646,0.4878940493,Feil2001,Temperature-Dependent Growth and Survival of Xylella fastidiosa in Vitro and in Potted Grapevines,p. 1232; Figure 3,
Bdellovibrio bacteriovorus,11.8825231,37,2.502710711,0.3984106523,Pritchard1975,Effects of methotrexate on intraperiplasmic and axenic growth of Bdellovibrio bacteriovorus,p. 1133; Table 1,
Rickettsia prowazekii,1.8912,34,0.524350211,-0.2803785529,Pang1994,The concentrations of stable RNA and ribosomes in Rickettsia prowazekii,Footnote and Table 2,
Mycoplasma mobile,5.196,25,3.286238944,0.5166991381,Rosengarten1989,"Growth morphology ofMycoplasma mobile 163K on solid surfaces: Reproduction, aggregation, and microcolony formation",p. 16,Taken from Lynch2021
Propionibacterium acnes,5.52,37,1.162628763,0.06544106299,Greenman1983,"Effects of pH on Biomass, Maximum Specific Growth Rate and Extracellular Enzyme Production by Three Species of Cutaneous Propionibacteria Grown in Continuous Culture",p. 1303,
Staphylococcus epidermidis,47.53009238,37,10.01084284,1.000470644,Gottenbos2000,Initial adhesion and surface growth of Staphylococcus epidermidis and Pseudomonas aeruginosa on biomedical polymers,p. 212; Table 3,
Serratia marcescens,43.64372278,35,11.04108556,1.043011776,Powell1956,"Growth Rate and Generation Time of Bacteria, with Special Reference to Continuous Culture",p. 506,
Streptococcus mutans,22.56,37,4.751613205,0.6768410806,Bowden1989,Competition between Streptococcus mutans and Lactobacillus casei in mixed continuous culture,Table 2,Taken from Lynch2021
Vibrio campbellii,5.7672,30,2.30688,0.3630250038,Reichelt1974,Effect of sodium chloride on growth of heterotrophic marine bacteria,Table 3,Taken from Lynch2021
Salinibacter ruber,2.2128,37,0.4660624867,-0.331555852,Brito-Echeverria2011,Response to adverse conditions in two strains of the extremely halophilic species Salinibacter ruber,p. 381; Figure 1,
Streptococcus pneumoniae,62.38324625,37,13.13923123,1.118569956,Camberlein2015,Importance of Bacterial Replication and Alveolar Macrophage-Independent Clearance Mechanisms during Early Lung Infection with Streptococcus pneumoniae,p. 1186; Table 1,
Ralstonia solanacearum,3,16,4.328099718,0.6362972582,Stevens2011,"Ralstonia solanacearum ΔPGI-1 Strain KZR-5 Is Affected in Growth, Response to Cold Stress and Invasion of Tomato",p. 108; Figure 2,
Mycobacterium avium,3.672,37,0.7734008727,-0.1115953422,McCarthy1987,Maximum growth rate of Mycobacterium avium in continuous culture or chronically infected BALB/c mice.,Abstract,
Shewanella donghaensis,8.28,17,10.89964465,1.037412339,Yang2007,"Shewanella donghaensis sp. nov., a psychrophilic, piezosensitive bacterium producing high levels of polyunsaturated fatty acid, isolated from deep-sea sediments",p. 209; Figure 1,
Vibrio fischeri,33.27106467,25,21.04246891,1.323096694,Ruby1993,Growth and flagellation of Vibrio fischeri during initiation of the sepiolid squid light organ symbiosis,p. 162,
Oenococcus oeni,1.584,25,1.001809563,0.0007851729175,Zhang2005,Studies on growth and metabolism of Oenococcus oeni on sugars and sugar mixtures,p. 569; Table 2,
Acholeplasma laidlawii,17.51108667,37,3.688205259,0.5668150827,Beaman1981,Adenylate energy charge in Acholeplasma laidlawii,p. 1057,
Chimaereicella alkaliphila,3.36,30,1.344,0.1283992687,Tiago2006,"Chimaereicella alkaliphila gen. nov., sp. nov., a Gram-negative alkaliphilic bacterium isolated from a nonsaline alkaline groundwater",p. 102; Figure 1,
Neisseria gonorrhoeae,13.6656,37,2.878264424,0.4591306898,Morse1978,Effect of pH on the growth and glucose metabolism of Neisseria gonorrhoeae,p. 88; Figure 1,
Neisseria meningitidis,26.7384,37,5.631672629,0.7506374012,Takahashi2004,Necessity of Meningococcal γ-Glutamyl Aminopeptidase for Neisseria meningitidis Growth in Rat Cerebrospinal Fluid (CSF) and CSF-Like Medium,p. 245; Figure 2,
Streptococcus cremoris,21.6,27,11.37354225,1.055895745,Bibal1989,Enhanced inhibitory effect of lactic acid on growth kinetics of Streptococcus cremoris during nutritional medium limitations,p. 156,Taken from Lynch2021
Staphylococcus aureus,43.39704087,37,9.140334771,0.9609621024,Somerville2003,Correlation of Acetate Catabolism and Growth Yield in Staphylococcus aureus: Implications for Host-Pathogen Interactions,p. 4728; Table 2,
Vibrio cholerae,39.9252776,37,8.40910799,0.9247499297,Saint-Dic2008,Excess SeqA Leads to Replication Arrest and a Cell Division Defect in Vibrio cholerae,p. 5872,
Proteus mirabilis,9.241962407,22,7.694425445,0.8861761959,Raurich1996,Periodic phenomena in Proteus mirabilis swarm colony development,p. 6534; Table 1,
Alkalibacterium iburiense,4.72,32.33333333,1.524576851,0.1831493213,Nakajima2005,"Alkalibacterium iburiense sp. nov., an obligate alkaliphile that reduces an indigo dye",p. 1526,Average across three strains
Helicobacter pylori,6.52373817,37,1.374037253,0.1379985076,Reynolds1994,Characteristics of Helicobacter pylorigrowth in a defined medium and determination of its amino acid requirements,p. 2652,
Mycobacterium tuberculosis,2.736,37,0.5762594738,-0.2393819217,Chang1947,"Studies on Leptospira icterohaemorrhagiae: III: The Growth Rate of, and Some BiochemicalObservations on Leptospira icterohaemorrhagiae in Culture",p. 38; Table 2,
Pseudomonas fluorescens,10.84926022,20,10.84926022,1.035400126,Ingraham1958,GROWTH OF PSYCHROPHILIC BACTERIA,p. 77; Table 3,
Paracoccus denitrificans,10.8,29.5,4.522522615,0.6553807472,Hanegraaf2001,The Dynamics of the Macromolecular Composition of Biomass,p. 242; Figure 2,From the highest dilution rate
Legionella pneumophila,2.16,30,0.864,-0.06348625752,Mampel2006,Planktonic Replication Is Essential for Biofilm Formation by Legionella pneumophila in a Complex Medium under Static and Dynamic Flow Conditions,p. 2887,
Ureaplasma urealyticum,9.6,37,2.021963066,0.3057732183,Sayed1978,Effect of ammonium ion concentration and osmotic pressure on growth of Ureaplasma urealyticum (T-strain mycoplasma),p. 969; Figure 2,
Pseudomonas marina,15.588,28,7.489251071,0.8744383902,Sawyer1977,Pathways of d-fructose catabolism in species of Pseudomonas,,Taken from Lynch2021
Alkalibacterium psychrotolerans,30,25,18.97366596,1.27815125,Yumato2004,"Alkalibacterium psychrotolerans sp. nov., a psychrotolerant obligate alkaliphile that reduces an indigo dye",p. 2380,
Burkholderia pseudomallei,25.93695762,37,5.462871911,0.7374210176,Ngamdee2015,Competition between Burkholderia pseudomallei and B. thailandensis,p. 2,Average across six strains
Streptococcus agalactiae,20.79441542,37,4.379743745,0.641448701,Paoletti1996,Cell growth rate regulates expression of group B Streptococcus type III capsular polysaccharide,p. 1223,
Enterobacter cloacae,41.00788578,35,10.37426569,1.015957366,Powell1956,"Growth Rate and Generation Time of Bacteria, with Special Reference to Continuous Culture",p. 507,
Pseudomonas aeruginosa,8.317766167,20,8.317766167,0.9200067071,Ingraham1958,GROWTH OF PSYCHROPHILIC BACTERIA,p. 77; Table 3,
Arthrobacter globiformis,8.88,25,5.616205124,0.7494429614,Luscombe1974,Characteristics of Arthrobacter Grown in Continuous Culture,p. 215,
Burkholderia thailandensis,25.07869196,37,5.282103009,0.7228068663,Ngamdee2015,Competition between Burkholderia pseudomallei and B. thailandensis,p. 2,
Brochothrix thermosphacta,19.2,20,19.2,1.283301229,Leroi2012,"Influence of temperature, pH and NaCl concentration on the maximal growth rate of Brochothrix thermosphacta and a bioprotective bacteria Lactococcus piscium CNCM I-4031",p. 225; Figure 2,
Klebsiella pneumoniae,44.88,35,11.35384171,1.055142835,Wentland1996,Spatial Variations in Growth Rate within Klebsiellapneumoniae Colonies and Biofilm,p. 318; Table 1,
Leptospira icterohaemorrhagiae,1.663553233,30,0.6654212933,-0.1769033059,Larson1959,GROWTH STUDIES AND PLATE COUNTING OF LEPTOSPIRES,p. 363; Table 2,
Leptospira pomona,1.788766918,30,0.715506767,-0.1453862545,Larson1959,GROWTH STUDIES AND PLATE COUNTING OF LEPTOSPIRES,p. 363; Table 2,
Agrobacterium tumefaciens,11.04,28,5.3041655,0.7246170665,Leth2017,Growth kinetics and scale-up of Agrobacterium tumefaciens,p. 4900; Table 1,
Erwinia amylovora,11.088,21,10.11717393,1.005059216,Billing1974,"The Effect of Temperature on the Growth of the Fireblight Pathogen, Erwinia amylovora",Table 1,Taken from Lynch2021
Vibrio harveyi,9.5952,30,3.83808,0.5841140228,Reichelt1974,Effect of sodium chloride on growth of heterotrophic marine bacteria,Table 1,Taken from Lynch2021
Streptococcus pyogenes,39.9252776,37,8.40910799,0.9247499297,Biswas2001,Generation and Surface Localization of Intact M Protein in Streptococcus pyogenes Are Dependent on sagA,p. 7034,
Shewanella frigidimarina,18.96,15,29.97839222,1.476808337,Johansen2002,Variability in motility characteristics among marine bacteria,p. 231; Table 1,
Enterococcus faecalis,14.34097615,23,10.89423429,1.037196711,Shuter1982,Phenotypic Correlates of Genomic DNA Content in Unicellular Eukaryotes and Other Cells,Table 2,
Proteus vulgaris,26.5392,25,16.78486386,1.224917823,Tan1997,Detection and Analysis of the Growth Characteristics of Proteus vulgaris With a Bulk Acoustic Wave Ammonia Sensor,p. 182; Taken for the edge of the range 25C from regression (5),
Bacillus circulans,9.9768,20,9.9768,0.9989912662,Shehata1971,Influence of Temperature on the Growth of Psychrophilic Strains of Bacillus,p. 1518; Figure 1,Taken from Lynch2021
Streptomyces coelicolor,8.4,30,3.36,0.5263392774,Cox2004,"Quantitative relationships for specific growth rates and macromolecular compositions of Mycobacterium tuberculosis, Streptomyces coelicolor A3(2) and Escherichia coli B/r: an integrative theoretical approach",p. 1421,
Alteromonas macleodii,25.2,15,39.84469852,1.600370545,Johansen2002,Variability in motility characteristics among marine bacteria ,p. 231; Table 1,
Shewanell oneidensis,22.18070978,22,18.46662107,1.266387438,Abboud2005,Low-Temperature Growth of Shewanella oneidensis MR-1,p. 812,
Aeromonas hydrophila,28.8,20,28.8,1.459392488,Rouf1971,Growth Temperatures and Temperature Characteristics of Aeromonas,p. 505; Figure 1,
Rhizobium leguminosarum,5.941261548,28,2.854477765,0.4555266645,Streit1991,Competitive growth of Rhizobium leguminosarum bv. phaseoli strains under oligotrophic conditions,Abstract,
Bacillus licheniformis,40.8,37,8.59334303,0.9341621483,Dijk-Salkinoja1971,Rate of Ribosome Production in Bacillus licheniformis,p. 22; Table 1,
Pasteurella multocida,39.9252776,37,8.40910799,0.9247499297,Hertman1979,Attenuated Live Fowl Cholera Vaccine I. Development of Vaccine Strain M3G of Pasteurella multocida,p. 866; Table 1,
Vibrio alginolyticus,83.17766167,37,17.51897498,1.243508692,Ulitzur1974,Vibrio parahaemolyticus and Vibrio alginolyticus: Short generation-time marine bacteria,p. 132; Table 2,Average across the strains
Colwellia demingiae,26.76,15,42.31127509,1.626456113,Johansen2002,Variability in motility characteristics among marine bacteria ,p. 231; Table 1,
Pseudomonas putida,15.048,24,10.4304436,1.018302779,Ahn2000,Growth kinetics of Pseudomonas putida G7 on naphthalene and occurrence of naphthalene toxicity during nutrient deprivation,Abstract,
Alcaligenes aestus,9.9792,28,4.794504381,0.6807437198,Sawyer1977,Pathways of d-fructose catabolism in species of Pseudomonas ,,Taken from Lynch2021
Bacillus coagulans,2.8512,20,2.8512,0.4550276824,Shehata1971,Influence of Temperature on the Growth of Psychrophilic Strains of Bacillus,p. 1518; Figure 1,Taken from Lynch2021
Bacillus laterosporus,1.9968,20,1.9968,0.300334568,Shehata1971,Influence of Temperature on the Growth of Psychrophilic Strains of Bacillus,p. 1518; Figure 1,Taken from Lynch2021
Halomonas alimentaria,2.4,25,1.517893277,0.1812412374,Boltyanskaya et al. 2007,"[Halomonas mongoliensis sp. nov. and Halomonas kenyensis sp. nov., new haloalkaliphilic denitrifiers capable of reducing N2O, isolated from soda lakes] ",p. 742; Figure 3,
Alteromonas infernus,20.16,20,20.16,1.304490528,Raguenes2003,"Alteromonas infernus sp. nov., a new polysaccharide-producing bacterium isolated from a deep-sea hydrothermal vent",p. 425; Figure 1,
Salmonella typhimurium,20.53769424,23,15.60161948,1.193169681,Shuter1982,Phenotypic Correlates of Genomic DNA Content in Unicellular Eukaryotes and Other Cells,Table 2,
Alteromonas denitrificans,3.261869085,21.5,2.842991265,0.4537755254,Enger1987,Characterization of Alteromonas denitrificans sp. nov.,p. 419; Table 2,
Escherichia coli,44.81957521,37,9.439950595,0.9749697214,Reshes2008,Timing the start of division in E. coli: a single-cell study,p. 2,
Photobacterium phosphoreum,12.48,15,19.7326126,1.29518459,Mejlholm2002,Antimicrobial effect of essential oils on the seafood spoilage micro-organism Photobacterium phosphoreum in liquid media and fish products,p. 28; Table 2,
Delftia acidovorans,6.72,30,2.688,0.4294292644,Schulz2000,Enantiomeric Degradation of 2-(4-Sulfophenyl)Butyrate via 4-Sulfocatechol in Delftia acidovorans SPB1,Abstract,
Aeromonas salmonicida,28.8,20,28.8,1.459392488,Rouf1971,Growth Temperatures and Temperature Characteristics of Aeromonas,p. 505; Figure 2,
Acinetobacter calcoaceticus,29.28,32.5,9.314210775,0.9691460615,DuPreez1981,Growth parameters of Acinetobacter calcoaceticus on acetate and ethanol,Abstract,
Bacillus macerans,5.198603854,30,2.079441542,0.3179467158,Kanamori1987,Role of glutamate dehydrogenase in ammonia assimilation in nitrogen-fixing Bacillus macerans,p. 4963; Table 1,
Bacillus brevis,28.8,37,6.065889198,0.782894473,Vandamme1976,"Nutrition of Bacillus brevis ATCC 9999, the Producer of Gramicidin S",p. 266,
Bacillus subtilis,17.69737482,23,13.4439487,1.128526847,Shuter1982,Phenotypic Correlates of Genomic DNA Content in Unicellular Eukaryotes and Other Cells,Table 2,
Lactobacillus casei,14.4,37,3.032944599,0.4818644774,DeVries1970,Molar Growth Yields and Fermentation Balances of Lactobacillus casei L3 in Batch Cultures and in Continuous Cultures,p. 338; Table 1,
Marinomonas vaga,8.16,15,12.90209285,1.110660163,Johansen2002,Variability in motility characteristics among marine bacteria ,p. 231; Table 1,
Myxococcus xanthus,4.9906597,35,1.262548134,0.1012479445,Janssen1977,Effect of temperature on the growth of Myxococcus xanthus.,p. 561,
Enterobacter aerogenes,23.83314088,23,18.1050312,1.257799278,Shuter1982,Phenotypic Correlates of Genomic DNA Content in Unicellular Eukaryotes and Other Cells,Table 2,
Vibrio splendidus,13.2,15,20.87103256,1.319543936,Johansen2002,Variability in motility characteristics among marine bacteria ,p. 231; Table 1,
Lactococcus bulgaricus,21.6,37,4.549416898,0.6579557364,Benthin1995,Production of optically pure d-lactate by Lactobacillus bulgaricus and purification by crystallisation and liquid/liquid extraction,Table 1,
Burkholderia cepacia,4.8,37,1.010981533,0.004743222633,McKenney1995,Effects of growth rate and nutrient limitation on virulence factor production in Burkholderia cepacia,p. 4141,
Pseudomonas syringae,8.6184,20,8.6184,0.9354266468,Young1977,The Effects on Temperature on Growth in vitro of Pseudomonas syringae and Xanthomonas pruni,Table 1,
Lactococcus lactis,21.6,25,13.66103949,1.135483747,Cogan1971,Optimum Growth Parameters of Lactic Streptococci used for the Production of Concentrated Cheese Starter Cultures,Figure 1,
Azospirillum brasilense,23.2123707,37,4.889016273,0.6892214828,Loh1984,Intermediary carbon metabolism of Azospirillum brasilense,Abstract,
Ruegeria pomeroyi,2.52,18,3.026833574,0.4809885425,Lankiewicz2016,Growth rates and rRNA content of four marine bacteria in pure cultures and in the Delaware estuary,p. 827; Figure 3,
Bacillus polymyxa,15.84,30,6.336,0.8018151686,Nakashimada2000,"Enhanced 2,3-butanediol production by addition of acetic acid in Paenibacillus polymyxa",p. 663; Table 2,
Sphaerotilus natans,6.5,20,6.5,0.8129133566,Lau1984,The Competitive Growth of Floc-Forming and Filamentous Bacteria: A Model for Activated Sludge Bulking,p. 55; Table 1,
Vibrio natriegens,101.850198,37,21.4518061,1.331463863,Eagon1962,"PSEUDOMONAS NATRIEGENS, A MARINE BACTERIUM WITH A GENERATION TIME OF LESS THAN 10 MINUTES",p. 736,
Bacillus megaterium,46.7568,35,11.82863873,1.072934768,Powell1956,"Growth Rate and Generation Time of Bacteria, with Special Reference to Continuous Culture",p. 499,
Achromobacter xylosoxidans,5.545177444,30,2.218070978,0.3459754394,Reinecke2000,Isolation and characterization of an Achromobacter xylosoxidans strain B3 and other bacteria capable to degrade the synthetic chelating agent iminodisuccinate,p. 44,
Bacillus mycoides,34.77811638,35,8.798244838,0.9443960434,Powell1956,"PSEUDOMONAS NATRIEGENS, A MARINE BACTERIUM WITH A GENERATION TIME OF LESS THAN 10 MINUTES",p. 494,
Lactobacillus plantarum,14.88,30,5.952,0.7746629225,Barcena1998,Chemostat Production of Plantaricin C By Lactobacillus plantarum LL441,p. 3513,
Bacillus thuringiensis,25.2,28,12.10733429,1.083048534,Kashyap2007,"Characterisation of Bacillus thuringiensis kurstaki strains by toxicity, plasmid profiles and numerical analysis of their cryIA genes",p. 1823; Table 1,
Bacillus anthracis,26.61685173,37,5.606071993,0.7486586707,Ristrof1983,"Elaboration of Bacillus anthracis Antigens in a New, Defined Culture Medium",p. 483,
Bacillus cereus,60,30,24,1.380211242,Wong1988,Effects of Lactic Acid Bacteria and Organic Acids on Growth and Germination of Bacillus cereus,p. 2182; Figure 5,
Azotobacter agilis,7.944380293,30,3.177752117,0.5021200167,Harvey1967,Kinetics of Growth of Individual Cells of Escherichia coli and Azotobacter agilis,p. 612; Table 4,
Cupriavidus necator,36,30,14.4,1.158362492,DeCicco1968,Autotrophic and Heterotrophic Metabolism of Hydrogenomonas I. Growth Yields and Patterns Under Dual Substrate Conditions,p. 1473; Table 2,
Corynebacterium glutamicum,15,30,6,0.7781512504,Grunberger2012,Beyond growth rate 0.6: Corynebacterium glutamicum cultivated in highly diluted environments,p. 430,
Zymomonas mobilis,12.72,30,5.088,0.7065471026,Zikmanis1997,An elevation of the molar growth yield of Zymomonas mobilis during aerobic exponential growth,p. 168,
Azotobacter chroococcum,9.84,30,3.936,0.5950550898,Quagliano1997,Effect of aeration and carbon/nitrogen ratio on the molecular mass of the biodegradable polymer poly-β-hydroxybutyrate obtained from Azotobacter chroococcum 6B,p. 663; Table 1,
Acetobacter malorum,3.36,28,1.614311239,0.2079872705,Sainz2017,Effect of ammonium and amino acids on the growth of selected strains of Gluconobacter and Acetobacter,p. 47; Table 2,
Agrobacterium sanguineum,15.36,15,24.28629243,1.38536122,Johansen2002,Variability in motility characteristics among marine bacteria ,p. 231; Table 1,
Arthrobacter histidinolovorans,5.04,15,7.968939704,0.9014005408,Johansen2002,Variability in motility characteristics among marine bacteria ,p. 231; Table 1,
Bacillus firmus,23.2123707,30,9.284948279,0.9677794889,Guffanti1991,"Molar growth yields and bioenergetic parameters of extremely alkaliphilic Bacillus species in batch cultures, and growth in a chemostat at pH 10·5",p. 2376,Average across two strains
Bifidobacterium longum,11.04,37,2.325257526,0.3664710587,Garro2006,Biological activity of Bifidobacterium longum in response to environmental pH,p. 615; Table 1,
Deleya pacifica,13.3056,28,6.392672508,0.8056824564,Sawyer1977,Pathways of d-fructose catabolism in species of Pseudomonas ,,Taken from Lynch2021
Gluconobacter japonicus,4.56,28,2.190850968,0.3406128357,Sainz2017,Effect of ammonium and amino acids on the growth of selected strains of Gluconobacter and Acetobacter,p. 47; Table 2,
Gluconobacter oxydans,8.16,30,3.264,0.5137501501,Hekmat2003,Optimization of the microbial synthesis of dihydroxyacetone from glycerol with Gluconobacter oxydans,p. 113; Table 4,"Not the highest value from Lynch2021, but don't have access to the paper"
Haererehalobacter ostenderis,11.28,15,17.835246,1.251279104,Johansen2002,Variability in motility characteristics among marine bacteria ,p. 231; Table 1,
Halomonas cupida,15.3576,28,7.378555443,0.8679713449,Sawyer1977,Pathways of d-fructose catabolism in species of Pseudomonas ,,Taken from Lynch2021
Halomonas meridiana,23.28,15,36.80891196,1.56595298,Johansen2002,Variability in motility characteristics among marine bacteria ,p. 231; Table 1,
Halomonas venusta,17.1984,28,8.262967386,0.9171360386,Sawyer1977,Pathways of d-fructose catabolism in species of Pseudomonas ,,Taken from Lynch2021
Lactobacillus johnsonii,38.4,37,8.087852263,0.9078332096,Kaaij2004,"l-Alanine Auxotrophy of Lactobacillus johnsonii as Demonstrated by Physiological, Genomic, and Gene Complementation Approaches",p. 1869,
Listeria innocua,14.4,20,14.4,1.158362492,Houtsma1994,Modelling growth rates of Listeria innocua as a function of lactate concentration,p. 119; Figure 4,
Mannheimia succiniciproducens,27.6,39,4.839751528,0.6848230656,Song2007,Effects of dissolved CO2 levels on the growth of Mannheimia succiniciproducens and succinic acid production,p. 1300; Table 1,
Marinomonas communis,20.7912,28,9.989127333,0.9995275492,Sawyer1977,Pathways of d-fructose catabolism in species of Pseudomonas ,,Taken from Lynch2021
Megasphaera elsdenii,11.52,39,2.020070203,0.3053664626,Russell1979,Comparison of Maintenance Energy Expenditures and Growth Yields Among Several Rumen Bacteria Grown on Continuous Culture,p. 538,
Methylobacterium extorquens,5.118625333,28,2.459242383,0.3908013348,Strovas2007,Cell-to-Cell Heterogeneity in Growth Rate and Gene Expression in Methylobacterium extorquens AM1,p. 7129,
Photobacterium mandapamensis,6.7416,25,4.263762215,0.6297929766,Reichelt1974,Effect of sodium chloride on growth of heterotrophic marine bacteria,Table 1,Taken from Lynch2021
Porphyromonas gingivalis,6.504,37,1.369879977,0.1366825178,Marsh1994,The effect of growth rate and haemin on the virulence and proteolytic activity of Porphyromonas gingivalis W50,Abstract,
Propionibacterium avidum,5.04,37,1.06153061,0.0259325217,Greenman1983,"Effects of pH on Biomass, Maximum Specific Growth Rate and Extracellular Enzyme Production by Three Species of Cutaneous Propionibacteria Grown in Continuous Culture",p. 1303,
Propionibacterium granulosum,3.6,37,0.7582361497,-0.120195514,Greenman1983,"Effects of pH on Biomass, Maximum Specific Growth Rate and Extracellular Enzyme Production by Three Species of Cutaneous Propionibacteria Grown in Continuous Culture",p. 1303,
Pseudoalteromonas citrea,14.4,15,22.76839915,1.357332496,Johansen2002,Variability in motility characteristics among marine bacteria ,p. 231; Table 1,
Pseudoalteromonas tetraodonis,45.6,15,72.09993065,1.857934847,Johansen2002,Variability in motility characteristics among marine bacteria ,p. 231; Table 1,
Pseudomonas doudoroffii,18.48,30,7.392,0.8687619582,Reichelt1974,Effect of sodium chloride on growth of heterotrophic marine bacteria,Table 1,Taken from Lynch2021
Roseobacter litoralis,15,15,23.71708245,1.375061263,Johansen2002,Variability in motility characteristics among marine bacteria ,p. 231; Table 1,
Selenomonas ruminantium,16.63553233,37,3.503794996,0.544538688,Linehan1978,"Nutritional Requirements of Selenomonas ruminantium for Growth on Lactate, Glycerol, or Glucose",p. 318,
Shewanella pealeana,17.04,15,26.94260566,1.430439595,Johansen2002,Variability in motility characteristics among marine bacteria ,p. 231; Table 1,
Staphylococcus xylosus,36.8232,37,7.75574483,0.889623512,McMeekin1987,Model for combined effect of temperature and salt concentration/water activity on the growth rate of Staphylococcus xylosus,Table 2,Taken from Lynch2021
Vibrio anguillarum,12.97571522,27,6.832400242,0.8345732994,Garcia1997,Growth of Vibrio anguillarum in Salmon Intestinal Mucus,p. 1036,
Vibrio marinus,5.1048,20,5.1048,0.7079787316,Mohr1980,"Temperature Characteristics and Arrhenius Plots for Nominal Psychrophiles, Mesophiles and Thermophiles",p. 313; Figure 1,
Vibrio parahaemolyticus,83.17766167,37,17.51897498,1.243508692,Ulitzur1974,Vibrio parahaemolyticus and Vibrio alginolyticus: Short generation-time marine bacteria,p. 132; Table 2,Average across the strains
Xylella fastidiosa,1.584,21,1.445310562,0.1599611764,Feil2001,Temperature-Dependent Growth and Survival of Xylella fastidiosa in Vitro and in Potted Grapevines,p. 1232; Table 1,
Leptospira kobayashii,2.079441542,30,0.8317766167,-0.07999329291,Vincent2019,Revisiting the taxonomy and evolution of pathogenicity of the genus Leptospira through the prism of genomics,p. 8,
Verrucomirobium sp.,2.810056137,30,1.124022455,0.05077498736,Janssen1998,"Pathway of Glucose Catabolism by Strain VeGlc2, an Anaerobe Belonging to the Verrucomicrobiales Lineage of Bacterial Descent",p. 4831,
Leptospira canicola,1.139420023,30,0.4557680091,-0.3412561617,Stalheim1964,CULTIVATION OF LEPTOSPIRAE. I. NUTRITION OF LEPTOSPIRA CANICOLA,p. 52,