"","perturbation","strain","growth_medium","perturbant_concentration","growth_rates","phi_R","phi_L","source"
"1","nutrient conditions","BW25113",NA,NA,0.58,0.119402206058476,0.0195786956703432,"Schmidt2016"
"2","nutrient conditions","BW25113",NA,NA,1.9,0.203521058900664,0.022394629989865,"Schmidt2016"
"3","nutrient conditions","BW25113",NA,NA,1.27,0.14778539159299,0.0220292404275249,"Schmidt2016"
"4","nutrient conditions","BW25113",NA,NA,0.3,0.0647352845259692,0.0167820143762824,"Schmidt2016"
"5","nutrient conditions","BW25113",NA,NA,0.42,0.0877308819347796,0.0195744130121658,"Schmidt2016"
"6","nutrient conditions","BW25113",NA,NA,0.46,0.0969665217646452,0.0207101218085019,"Schmidt2016"
"7","nutrient conditions","BW25113",NA,NA,0.47,0.102715761787351,0.019872859204561,"Schmidt2016"
"8","nutrient conditions","BW25113",NA,NA,0.4,0.0806365072170212,0.0198215617363701,"Schmidt2016"
"9","nutrient conditions","BW25113",NA,NA,0.5,0.0939535325545218,0.0182128171089868,"Schmidt2016"
"10","nutrient conditions","BW25113",NA,NA,0.35,0.070069249406472,0.0181609472158685,"Schmidt2016"
"11","nutrient conditions","BW25113",NA,NA,0.2,0.0630462569958276,0.0174174561216924,"Schmidt2016"
"12","nutrient conditions","BW25113",NA,NA,0.12,0.0584447451492047,0.0177318078132109,"Schmidt2016"
"13","nutrient conditions","BW25113",NA,NA,0,0.0888449750999593,0.0306324047694078,"Schmidt2016"
"14","nutrient conditions","BW25113",NA,NA,0,0.0871802532050695,0.0231688224622263,"Schmidt2016"
"15","nutrient conditions","BW25113",NA,NA,0.55,0.103188676664702,0.0204653758621589,"Schmidt2016"
"16","nutrient conditions","BW25113",NA,NA,0.66,0.117198163820817,0.0209526126095959,"Schmidt2016"
"17","nutrient conditions","BW25113",NA,NA,0.63,0.105048139416624,0.0207060968946536,"Schmidt2016"
"18","nutrient conditions","BW25113",NA,NA,0.55,0.113192201921364,0.0196093914917587,"Schmidt2016"
"19","nutrient conditions","BW25113",NA,NA,0.47,0.0893350305696313,0.0183125418337376,"Schmidt2016"
"20","nutrient conditions","BW25113",NA,NA,0.26,0.0725823750470131,0.0183834170258884,"Schmidt2016"
"21","nutrient conditions","BW25113",NA,NA,0.44,0.0947661760243914,0.0200103883105346,"Schmidt2016"
"22","nutrient conditions","BW25113",NA,NA,0.65,0.121413880464825,0.0180638778144191,"Schmidt2016"
"23","nutrient conditions","BW25113",NA,NA,0.21,0.0864629208741139,0.0307990124361108,"Peebo2015"
"24","nutrient conditions","BW25113",NA,NA,0.31,0.1049343882997,0.0322820822696889,"Peebo2015"
"25","nutrient conditions","BW25113",NA,NA,0.41,0.134225812819327,0.0338064694698474,"Peebo2015"
"26","nutrient conditions","BW25113",NA,NA,0.51,0.15814906147651,0.0347625198940227,"Peebo2015"
"27","nutrient conditions","BW25113",NA,NA,0.22,0.0860350688864519,0.0300779624771398,"Peebo2015"
"28","nutrient conditions","BW25113",NA,NA,0.26,0.0945153018598139,0.031632819550513,"Peebo2015"
"29","nutrient conditions","BW25113",NA,NA,0.36,0.121399944773261,0.0338246670304107,"Peebo2015"
"30","nutrient conditions","BW25113",NA,NA,0.46,0.146074992436856,0.0343018555637754,"Peebo2015"
"31","nutrient conditions","BW25113",NA,NA,0.51,0.15927815072272,0.0360316864363473,"Peebo2015"
"32","nutrient conditions","BW25113",NA,NA,0.22,0.0860342915703616,0.028545339876317,"Peebo2015"
"33","nutrient conditions","BW25113",NA,NA,0.25,0.0943120187912885,0.0300827884327302,"Peebo2015"
"34","nutrient conditions","BW25113",NA,NA,0.35,0.111294103395598,0.0300837700142689,"Peebo2015"
"35","nutrient conditions","BW25113",NA,NA,0.45,0.132472286687979,0.0317275579215822,"Peebo2015"
"36","nutrient conditions","BW25113",NA,NA,0.55,0.153223006854347,0.0325731185562327,"Peebo2015"
"37","nutrient conditions","BW25113",NA,NA,0.65,0.178561966319267,0.0324510296970177,"Peebo2015"
"38","nutrient conditions","BW25113",NA,NA,0.74,0.194233405604018,0.0353269954557253,"Peebo2015"
"39","nutrient conditions","BW25113",NA,NA,0.82,0.2254030214869,0.0376212087443644,"Peebo2015"
"40","nutrient conditions","BW25113",NA,NA,0.22,0.0947042289919601,0.0332159113115265,"Peebo2015"
"41","nutrient conditions","BW25113",NA,NA,0.42,0.123309336553984,0.0314904133516746,"Peebo2015"
"42","nutrient conditions","BW25113",NA,NA,0.53,0.146250870543017,0.0329157059761686,"Peebo2015"
"43","nutrient conditions","BW25113",NA,NA,0.63,0.167026684505871,0.0328184708805935,"Peebo2015"
"44","nutrient conditions","BW25113",NA,NA,0.73,0.177681321595827,0.0333265000856955,"Peebo2015"
"45","nutrient conditions","BW25113",NA,NA,0.78,0.202474362203306,0.0366998480291424,"Peebo2015"
"46","nutrient conditions","MG1655",NA,NA,0.11,0.0886149660649,0.0240080737190488,"Valgepea2013"
"47","nutrient conditions","MG1655",NA,NA,0.21,0.096791425504326,0.0223763551014488,"Valgepea2013"
"48","nutrient conditions","MG1655",NA,NA,0.31,0.118501778112302,0.0224370542648233,"Valgepea2013"
"49","nutrient conditions","MG1655",NA,NA,0.4,0.134580142001346,0.023946713091656,"Valgepea2013"
"50","nutrient conditions","MG1655",NA,NA,0.49,0.156047848915479,0.0242406918541945,"Valgepea2013"
"51","nutrient conditions","NCM3722",NA,NA,0.98,0.130350352420936,0.0166759328597455,"Erickson2017"
"52","nutrient conditions","NCM3722",NA,NA,0.45,0.0896763500916033,0.0158781008666275,"Erickson2017"
"53","nutrient conditions","NCM3722",NA,NA,0.45,0.0948902909861808,0.0159151843415766,"Erickson2017"
"54","nutrient conditions","NCM3722",NA,NA,0.98,0.116163240649727,0.0178389453694807,"Erickson2017"
"55","nutrient conditions","MG1655",NA,NA,1.93436422481845,0.308029649286636,0.0618927964318118,"Li2014"
"56","nutrient conditions","MG1655",NA,NA,0.738700370046123,0.136640024772927,0.0614982826435487,"Li2014"
"57","nutrient conditions","MG1655",NA,NA,1.56938984277723,0.216972084641003,0.052414692246817,"Li2014"
"58","cephalexin","NCM3722","MOPS glucose + 6 a. a.","0.05 µg/ml",1.2015,NA,NA,"Si2017"
"59","cephalexin","NCM3722","MOPS glucose + 6 a. a.","0.1 µg/ml",1.1977,NA,NA,"Si2017"
"60","cephalexin","NCM3722","MOPS glucose + 6 a. a.","0.2 µg/ml",1.1965,NA,NA,"Si2017"
"61","cephalexin","NCM3722","MOPS glucose + 6 a. a.","0.4 µg/ml",1.1861,NA,NA,"Si2017"
"62","cephalexin","NCM3722","MOPS glucose + 6 a. a.","0.6 µg/ml",1.2466,NA,NA,"Si2017"
"63","cephalexin","NCM3722","MOPS glucose + 6 a. a.","0.8 µg/ml",1.188,NA,NA,"Si2017"
"64","cephalexin","NCM3722","MOPS glucose + 6 a. a.","0 µg/ml",1.2183,NA,NA,"Si2017"
"65","cephalexin","NCM3722","MOPS glucose + 6 a. a.","1 µg/ml",1.1905,NA,NA,"Si2017"
"66","chloramphenicol","NCM3722","MOPS glucose","0 µM",1.054125,0.1325472,NA,"Si2017"
"67","chloramphenicol","NCM3722","MOPS glucose","10 µM",0.24725,0.3045528,NA,"Si2017"
"68","chloramphenicol","NCM3722","MOPS glucose","1 µM",0.9276225,0.155046,NA,"Si2017"
"69","chloramphenicol","NCM3722","MOPS glucose","2 µM",0.824435,0.1598172,NA,"Si2017"
"70","chloramphenicol","NCM3722","MOPS glucose","3 µM",0.7010375,0.1727712,NA,"Si2017"
"71","chloramphenicol","NCM3722","MOPS glucose","4 µM",0.576076666666667,0.1775776,NA,"Si2017"
"72","chloramphenicol","NCM3722","MOPS glucose","5 µM",0.45261,0.2470512,NA,"Si2017"
"73","chloramphenicol","NCM3722","MOPS glucose","6 µM",0.45079,0.247896,NA,"Si2017"
"74","chloramphenicol","NCM3722","MOPS glucose","7 µM",0.27229,0.3131664,NA,"Si2017"
"75","chloramphenicol","NCM3722","MOPS glucose","8 µM",0.348425,0.2764296,NA,"Si2017"
"76","chloramphenicol","NCM3722","MOPS glucose","9 µM",0.19119,0.307536,NA,"Si2017"
"77","chloramphenicol","NCM3722","MOPS glucose + 12 a. a.","0 µM",1.45103333333333,0.1952784,NA,"Si2017"
"78","chloramphenicol","NCM3722","MOPS glucose + 12 a. a.","10 µM",0.410493333333333,0.3508352,NA,"Si2017"
"79","chloramphenicol","NCM3722","MOPS glucose + 12 a. a.","12 µM",0.296593333333333,0.2922672,NA,"Si2017"
"80","chloramphenicol","NCM3722","MOPS glucose + 12 a. a.","1 µM",1.3092,0.2047808,NA,"Si2017"
"81","chloramphenicol","NCM3722","MOPS glucose + 12 a. a.","2 µM",1.2379,0.2147664,NA,"Si2017"
"82","chloramphenicol","NCM3722","MOPS glucose + 12 a. a.","4 µM",0.93297,0.243304,NA,"Si2017"
"83","chloramphenicol","NCM3722","MOPS glucose + 12 a. a.","6 µM",0.732036666666667,0.2529504,NA,"Si2017"
"84","chloramphenicol","NCM3722","MOPS glucose + 12 a. a.","8 µM",0.515013333333333,0.2655968,NA,"Si2017"
"85","chloramphenicol","NCM3722","MOPS glucose + 6 a. a.","0 µM",1.210025,0.1606212,NA,"Si2017"
"86","chloramphenicol","NCM3722","MOPS glucose + 6 a. a.","10 µM",0.430816666666667,0.240272,NA,"Si2017"
"87","chloramphenicol","NCM3722","MOPS glucose + 6 a. a.","1 µM",1.1534,0.1589496,NA,"Si2017"
"88","chloramphenicol","NCM3722","MOPS glucose + 6 a. a.","2 µM",0.9822475,0.1709076,NA,"Si2017"
"89","chloramphenicol","NCM3722","MOPS glucose + 6 a. a.","3 µM",0.9377925,0.18123,NA,"Si2017"
"90","chloramphenicol","NCM3722","MOPS glucose + 6 a. a.","4 µM",0.7837825,0.1815672,NA,"Si2017"
"91","chloramphenicol","NCM3722","MOPS glucose + 6 a. a.","6 µM",0.648335,0.1938168,NA,"Si2017"
"92","chloramphenicol","NCM3722","MOPS glucose + 6 a. a.","8 µM",0.516495,0.2232936,NA,"Si2017"
"93","chloramphenicol","NCM3722","MOPS glucose + casamino acids","0 µM",1.38215,0.1674048,NA,"Si2017"
"94","chloramphenicol","NCM3722","MOPS glucose + casamino acids","10 µM",0.566255,0.2192256,NA,"Si2017"
"95","chloramphenicol","NCM3722","MOPS glucose + casamino acids","12 µM",0.458245,0.2024016,NA,"Si2017"
"96","chloramphenicol","NCM3722","MOPS glucose + casamino acids","15 µM",0.28494,0.2477952,NA,"Si2017"
"97","chloramphenicol","NCM3722","MOPS glucose + casamino acids","2 µM",1.23885,0.1890984,NA,"Si2017"
"98","chloramphenicol","NCM3722","MOPS glucose + casamino acids","4 µM",1.039015,0.1822608,NA,"Si2017"
"99","chloramphenicol","NCM3722","MOPS glucose + casamino acids","6 µM",0.887635,0.1829976,NA,"Si2017"
"100","chloramphenicol","NCM3722","MOPS glucose + casamino acids","8 µM",0.63455,0.1962456,NA,"Si2017"
"101","chloramphenicol","NCM3722","MOPS glucose synthetic rich","0 µM",1.782825,0.2063688,NA,"Si2017"
"102","chloramphenicol","NCM3722","MOPS glucose synthetic rich","10 µM",0.617025,0.372132,NA,"Si2017"
"103","chloramphenicol","NCM3722","MOPS glucose synthetic rich","12 µM",0.4996,0.384684,NA,"Si2017"
"104","chloramphenicol","NCM3722","MOPS glucose synthetic rich","1 µM",1.72756666666667,0.2412256,NA,"Si2017"
"105","chloramphenicol","NCM3722","MOPS glucose synthetic rich","2 µM",1.3519975,0.2562228,NA,"Si2017"
"106","chloramphenicol","NCM3722","MOPS glucose synthetic rich","4 µM",1.119285,0.2583972,NA,"Si2017"
"107","chloramphenicol","NCM3722","MOPS glucose synthetic rich","6 µM",0.941443333333333,0.2852224,NA,"Si2017"
"108","chloramphenicol","NCM3722","MOPS glucose synthetic rich","7 µM",0.61099,0.3571776,NA,"Si2017"
"109","chloramphenicol","NCM3722","MOPS glucose synthetic rich","8 µM",0.73501,0.3130816,NA,"Si2017"
"110","chloramphenicol","NCM3722","MOPS glycerol","0 µM",0.68808,0.1173996,NA,"Si2017"
"111","chloramphenicol","NCM3722","MOPS glycerol","1 µM",0.6256025,0.145608,NA,"Si2017"
"112","chloramphenicol","NCM3722","MOPS glycerol","2 µM",0.5113575,0.1771632,NA,"Si2017"
"113","chloramphenicol","NCM3722","MOPS glycerol","3 µM",0.44689,0.2028876,NA,"Si2017"
"114","chloramphenicol","NCM3722","MOPS glycerol","4 µM",0.36601,0.2326416,NA,"Si2017"
"115","chloramphenicol","NCM3722","MOPS glycerol","5.5 µM",0.279485,0.2093568,NA,"Si2017"
"116","chloramphenicol","NCM3722","MOPS glycerol","5 µM",0.323383333333333,0.1756928,NA,"Si2017"
"117","chloramphenicol","NCM3722","MOPS glycerol","6 µM",0.26682,0.1985968,NA,"Si2017"
"118","chloramphenicol","NCM3722","MOPS mannose","0.2 µM",0.32282,0.0754704,NA,"Si2017"
"119","chloramphenicol","NCM3722","MOPS mannose","0.4 µM",0.28177,0.08316,NA,"Si2017"
"120","chloramphenicol","NCM3722","MOPS mannose","0.6 µM",0.22507,0.0867072,NA,"Si2017"
"121","chloramphenicol","NCM3722","MOPS mannose","0.8 µM",0.21122,0.0811392,NA,"Si2017"
"122","chloramphenicol","NCM3722","MOPS mannose","0 µM",0.35841,0.0721776,NA,"Si2017"
"123","chloramphenicol","NCM3722","MOPS sorbitol","0.15 µM",0.60849,0.0926352,NA,"Si2017"
"124","chloramphenicol","NCM3722","MOPS sorbitol","0.3 µM",0.45088,0.0992928,NA,"Si2017"
"125","chloramphenicol","NCM3722","MOPS sorbitol","0.5 µM",0.44689,0.0943056,NA,"Si2017"
"126","chloramphenicol","NCM3722","MOPS sorbitol","0.75 µM",0.40681,0.0917472,NA,"Si2017"
"127","chloramphenicol","NCM3722","MOPS sorbitol","0 µM",0.6694,0.0926304,NA,"Si2017"
"128","chloramphenicol","NCM3722","MOPS sorbitol","1 µM",0.32987,0.0965856,NA,"Si2017"
"129","chloramphenicol","NCM3722","MOPS sorbitol","2.5 µM",0.25375,0.11832,NA,"Si2017"
"130","chloramphenicol","NCM3722","TSB","0 µM",1.7573,0.2004288,NA,"Si2017"
"131","chloramphenicol","NCM3722","TSB","12 µM",0.88838,0.293028,NA,"Si2017"
"132","chloramphenicol","NCM3722","TSB","15 µM",0.53487,0.2948112,NA,"Si2017"
"133","chloramphenicol","NCM3722","TSB","1 µM",1.7587,0.2066328,NA,"Si2017"
"134","chloramphenicol","NCM3722","TSB","2 µM",1.71105,0.184548,NA,"Si2017"
"135","chloramphenicol","NCM3722","TSB","4 µM",1.4489,0.2364768,NA,"Si2017"
"136","chloramphenicol","NCM3722","TSB","6 µM",1.31235,0.2391288,NA,"Si2017"
"137","erythromycin","NCM3722","MOPS glucose + 6 a. a.","0 µM",1.2071,0.1223808,NA,"Si2017"
"138","erythromycin","NCM3722","MOPS glucose + 6 a. a.","10 µM",1.0564,0.1370496,NA,"Si2017"
"139","erythromycin","NCM3722","MOPS glucose + 6 a. a.","120 µM",0.50503,0.1596336,NA,"Si2017"
"140","erythromycin","NCM3722","MOPS glucose + 6 a. a.","160 µM",0.36507,0.1784352,NA,"Si2017"
"141","erythromycin","NCM3722","MOPS glucose + 6 a. a.","20 µM",0.87904,0.1488192,NA,"Si2017"
"142","erythromycin","NCM3722","MOPS glucose + 6 a. a.","40 µM",0.7452,0.1436304,NA,"Si2017"
"143","erythromycin","NCM3722","MOPS glucose + 6 a. a.","60 µM",0.65528,0.1492512,NA,"Si2017"
"144","erythromycin","NCM3722","MOPS glucose + 6 a. a.","80 µM",0.62134,0.1497552,NA,"Si2017"
"145","erythromycin","NCM3722","MOPS glucose synthetic rich","0 µM",1.7284,0.202488,NA,"Si2017"
"146","erythromycin","NCM3722","MOPS glucose synthetic rich","120 µM",NA,NA,NA,"Si2017"
"147","erythromycin","NCM3722","MOPS glucose synthetic rich","20 µM",1.37,0.2509296,NA,"Si2017"
"148","erythromycin","NCM3722","MOPS glucose synthetic rich","40 µM",0.8328,0.2772624,NA,"Si2017"
"149","erythromycin","NCM3722","MOPS glucose synthetic rich","80 µM",NA,NA,NA,"Si2017"
"150","erythromycin","NCM3722","MOPS glycerol","0 µM",0.64317,0.0721776,NA,"Si2017"
"151","erythromycin","NCM3722","MOPS glycerol","10 µM",0.62416,0.0788688,NA,"Si2017"
"152","erythromycin","NCM3722","MOPS glycerol","120 µM",0.34176,0.1317744,NA,"Si2017"
"153","erythromycin","NCM3722","MOPS glycerol","20 µM",0.52955,0.0917856,NA,"Si2017"
"154","erythromycin","NCM3722","MOPS glycerol","40 µM",0.42871,0.1101744,NA,"Si2017"
"155","erythromycin","NCM3722","MOPS glycerol","5 µM",0.59816,0.0884832,NA,"Si2017"
"156","erythromycin","NCM3722","MOPS glycerol","60 µM",0.41002,0.1154832,NA,"Si2017"
"157","erythromycin","NCM3722","MOPS glycerol","80 µM",0.37369,0.1169712,NA,"Si2017"
"158","fosfomycin","NCM3722","MOPS glucose + 6 a. a.","0.25 µg/ml",1.1587,0.1450368,NA,"Si2017"
"159","fosfomycin","NCM3722","MOPS glucose + 6 a. a.","0.5 µg/ml",1.17025,NA,NA,"Si2017"
"160","fosfomycin","NCM3722","MOPS glucose + 6 a. a.","0.75 µg/ml",1.23115,0.1401576,NA,"Si2017"
"161","fosfomycin","NCM3722","MOPS glucose + 6 a. a.","0 µg/ml",1.18595,0.129984,NA,"Si2017"
"162","fosfomycin","NCM3722","MOPS glucose + 6 a. a.","1.25 µg/ml",1.1776,0.1423824,NA,"Si2017"
"163","fosfomycin","NCM3722","MOPS glucose + 6 a. a.","1.5 µg/ml",1.1658,0.1451184,NA,"Si2017"
"164","fosfomycin","NCM3722","MOPS glucose + 6 a. a.","1 µg/ml",1.15315,0.1538424,NA,"Si2017"
"165","fosfomycin","NCM3722","MOPS glucose + 6 a. a.","2 µg/ml",1.14105,0.140484,NA,"Si2017"
"166","hydroxyurea","NCM3722","MOPS glucose + 6 a. a.","0 mM",1.2041,NA,NA,"Si2017"
"167","hydroxyurea","NCM3722","MOPS glucose + 6 a. a.","1 mM",1.1876,NA,NA,"Si2017"
"168","hydroxyurea","NCM3722","MOPS glucose + 6 a. a.","2 mM",1.1825,NA,NA,"Si2017"
"169","hydroxyurea","NCM3722","MOPS glucose + 6 a. a.","3 mM",1.1606,NA,NA,"Si2017"
"170","hydroxyurea","NCM3722","MOPS glucose + 6 a. a.","4 mM",1.1408,NA,NA,"Si2017"
"171","hydroxyurea","NCM3722","MOPS glucose + 6 a. a.","5 mM",1.23,NA,NA,"Si2017"
"172","nutrient conditions","MG1655","M9 glucose + 3 a. a.","N/A",0.72298,0.0746496,NA,"Si2017"
"173","nutrient conditions","MG1655","M9 glucose + 3 a. a. + 0.2mM uracil","N/A",0.8106,0.09102,NA,"Si2017"
"174","nutrient conditions","MG1655","MOPS glucose","N/A",0.690143333333333,0.1033568,NA,"Si2017"
"175","nutrient conditions","MG1655","MOPS glucose + 0.2mM uracil","N/A",0.755005,0.1062456,NA,"Si2017"
"176","nutrient conditions","MG1655","MOPS glucose + 12 a. a.","N/A",0.80028,0.137136,NA,"Si2017"
"177","nutrient conditions","MG1655","MOPS glucose + 12 a. a. + 0.2mM uracil","N/A",0.72045,0.1311696,NA,"Si2017"
"178","nutrient conditions","MG1655","MOPS glucose + 6 a. a.","N/A",0.832436666666667,0.1388128,NA,"Si2017"
"179","nutrient conditions","MG1655","MOPS glucose + 6 a. a. + 0.2mM uracil","N/A",1.05165,0.1467792,NA,"Si2017"
"180","nutrient conditions","MG1655","MOPS glucose + casamino acids","N/A",1.09093333333333,0.1401936,NA,"Si2017"
"181","nutrient conditions","MG1655","MOPS glucose synthetic rich","N/A",1.73756,0.2046288,NA,"Si2017"
"182","nutrient conditions","MG1655","MOPS glycerol","N/A",0.384656666666667,0.0747648,NA,"Si2017"
"183","nutrient conditions","MG1655","MOPS glycerol + 0.2mM uracil","N/A",0.376595,0.079872,NA,"Si2017"
"184","nutrient conditions","MG1655","MOPS glycerol synthetic rich","N/A",1.49875,0.1844112,NA,"Si2017"
"185","nutrient conditions","MG1655","MOPS mannose synthetic rich","N/A",1.3375,0.1808208,NA,"Si2017"
"186","nutrient conditions","NCM3722","MOPS glucose","N/A",1.0202575,0.1272012,NA,"Si2017"
"187","nutrient conditions","NCM3722","MOPS glucose + 12 a. a.","N/A",1.25885,0.162288,NA,"Si2017"
"188","nutrient conditions","NCM3722","MOPS glucose + 6 a. a.","N/A",1.2248,0.14056,NA,"Si2017"
"189","nutrient conditions","NCM3722","MOPS glucose + casamino acids","N/A",1.4313,0.1369152,NA,"Si2017"
"190","nutrient conditions","NCM3722","MOPS glucose synthetic rich","N/A",1.863575,0.2124504,NA,"Si2017"
"191","nutrient conditions","NCM3722","MOPS glycerol","N/A",0.71382,0.098976,NA,"Si2017"
"192","nutrient conditions","NCM3722","MOPS sorbitol","N/A",0.6518225,0.1118148,NA,"Si2017"
"193","nutrient conditions","NCM3722","TSB","N/A",1.97666666666667,0.1986288,NA,"Si2017"
"194","rifampicin","NCM3722","MOPS glucose + 6 a. a.","0 µg/ml",1.1884,0.1257312,NA,"Si2017"
"195","rifampicin","NCM3722","MOPS glucose + 6 a. a.","10 µg/ml",1.1354,0.1352688,NA,"Si2017"
"196","rifampicin","NCM3722","MOPS glucose + 6 a. a.","15 µg/ml",0.79589,0.109464,NA,"Si2017"
"197","rifampicin","NCM3722","MOPS glucose + 6 a. a.","20 µg/ml",0.57003,0.1168656,NA,"Si2017"
"198","rifampicin","NCM3722","MOPS glucose + 6 a. a.","2 µg/ml",1.185,0.12108,NA,"Si2017"
"199","rifampicin","NCM3722","MOPS glucose + 6 a. a.","4 µg/ml",1.2589,0.123528,NA,"Si2017"
"200","rifampicin","NCM3722","MOPS glucose + 6 a. a.","6 µg/ml",1.3005,0.1312512,NA,"Si2017"
"201","rifampicin","NCM3722","MOPS glucose + 6 a. a.","8 µg/ml",1.2642,0.1322928,NA,"Si2017"
"202","triclosan","NCM3722","MOPS glucose + 6 a. a.","0.01 µg/ml",1.2375,0.1375776,NA,"Si2017"
"203","triclosan","NCM3722","MOPS glucose + 6 a. a.","0.02 µg/ml",1.2406,0.1474992,NA,"Si2017"
"204","triclosan","NCM3722","MOPS glucose + 6 a. a.","0.04 µg/ml",1.2039,0.1350144,NA,"Si2017"
"205","triclosan","NCM3722","MOPS glucose + 6 a. a.","0.06 µg/ml",1.2378,0.1372224,NA,"Si2017"
"206","triclosan","NCM3722","MOPS glucose + 6 a. a.","0.08 µg/ml",0.92843,0.1375008,NA,"Si2017"
"207","triclosan","NCM3722","MOPS glucose + 6 a. a.","0.15 µg/ml",0.65761,0.120768,NA,"Si2017"
"208","triclosan","NCM3722","MOPS glucose + 6 a. a.","0.1 µg/ml",0.97685,0.1317648,NA,"Si2017"
"209","triclosan","NCM3722","MOPS glucose + 6 a. a.","0 µg/ml",1.2352,0.1328064,NA,"Si2017"
"210","nutrient conditions","NCM3722",NA,NA,1.8,0.22848,NA,"Dai2018"
"211","nutrient conditions","NCM3722",NA,NA,1.57,0.20688,NA,"Dai2018"
"212","nutrient conditions","NCM3722",NA,NA,1.28,0.17472,NA,"Dai2018"
"213","nutrient conditions","NCM3722",NA,NA,1.17,0.1584,NA,"Dai2018"
"214","nutrient conditions","NCM3722",NA,NA,1.12,0.14688,NA,"Dai2018"
"215","nutrient conditions","NCM3722",NA,NA,0.98,0.14112,NA,"Dai2018"
"216","nutrient conditions","NCM3722",NA,NA,0.99,0.12864,NA,"Dai2018"
"217","nutrient conditions","NCM3722",NA,NA,0.95,0.13056,NA,"Dai2018"
"218","nutrient conditions","NCM3722",NA,NA,0.92,0.12144,NA,"Dai2018"
"219","nutrient conditions","NCM3722",NA,NA,0.75,0.11184,NA,"Dai2018"
"220","nutrient conditions","NCM3722",NA,NA,0.72,0.10368,NA,"Dai2018"
"221","nutrient conditions","NCM3722",NA,NA,0.7,0.108,NA,"Dai2018"
"222","nutrient conditions","NCM3722",NA,NA,0.69,0.10896,NA,"Dai2018"
"223","nutrient conditions","NCM3722",NA,NA,0.69,0.10368,NA,"Dai2018"
"224","nutrient conditions","NCM3722",NA,NA,0.55,0.09264,NA,"Dai2018"
"225","nutrient conditions","NCM3722",NA,NA,0.5,0.08832,NA,"Dai2018"
"226","nutrient conditions","NCM3722",NA,NA,0.46,0.08256,NA,"Dai2018"
"227","nutrient conditions","NCM3722",NA,NA,0.41,0.08256,NA,"Dai2018"
"228","nutrient conditions","NCM3722",NA,NA,0.34,0.07296,NA,"Dai2018"
"229","nutrient conditions","NCM3722",NA,NA,0.38,0.0768,NA,"Dai2018"
"230","nutrient conditions","NCM3722",NA,NA,0.33,0.07296,NA,"Dai2018"
"231","nutrient conditions","NCM3722",NA,NA,0.29,0.07056,NA,"Dai2018"
"232","nutrient conditions","NCM3722",NA,NA,0.2,0.0624,NA,"Dai2018"
"233","nutrient conditions","NCM3722",NA,NA,0.23,0.06432,NA,"Dai2018"
"234","nutrient conditions","NCM3722",NA,NA,0.13,0.05664,NA,"Dai2018"
"235","nutrient conditions","NCM3722",NA,NA,0.035,0.04656,NA,"Dai2018"
"236","nutrient conditions","EQ2",NA,NA,0.42,0.096,NA,"Bremer1996"
"237","nutrient conditions","EQ2",NA,NA,0.69,0.1224,NA,"Bremer1996"
"238","nutrient conditions","EQ2",NA,NA,1.04,0.15888,NA,"Bremer1996"
"239","nutrient conditions","EQ2",NA,NA,1.39,0.18768,NA,"Bremer1996"
"240","nutrient conditions","EQ2",NA,NA,1.73,0.22608,NA,"Bremer1996"
"241","nutrient conditions","EQ2",NA,NA,0.4,0.08496,NA,"Scott2010"
"242","nutrient conditions","EQ2",NA,NA,0.57,0.1104,NA,"Scott2010"
"243","nutrient conditions","EQ2",NA,NA,0.71,0.10752,NA,"Scott2010"
"244","nutrient conditions","EQ2",NA,NA,1,0.13776,NA,"Scott2010"
"245","nutrient conditions","EQ2",NA,NA,1.31,0.19872,NA,"Scott2010"
"246","nutrient conditions","EQ2",NA,NA,1.58,0.22368,NA,"Scott2010"
"247","nutrient conditions","EQ2",NA,NA,0.38,0.09072,NA,"Forchhammer1971"
"248","nutrient conditions","EQ2",NA,NA,0.6,0.10752,NA,"Forchhammer1971"
"249","nutrient conditions","EQ2",NA,NA,1.04,0.1416,NA,"Forchhammer1971"
"250","nutrient conditions","EQ2",NA,NA,1.46,0.20208,NA,"Forchhammer1971"
"251","nutrient conditions","EQ2",NA,NA,1.73,0.22512,NA,"Forchhammer1971"
"252","chloramphenicol","EQ2","M63 + Glyc",NA,0.4,0.08496,NA,"Scott2010"
"253","chloramphenicol","EQ2","M63 + Glyc",NA,0.33,0.13968,NA,"Scott2010"
"254","chloramphenicol","EQ2","M63 + Glyc",NA,0.24,0.18,NA,"Scott2010"
"255","chloramphenicol","EQ2","M63 + Glyc",NA,0.19,0.19872,NA,"Scott2010"
"256","chloramphenicol","EQ2","M63 + Glyc",NA,0.12,0.30288,NA,"Scott2010"
"257","chloramphenicol","EQ2","M63 + Glc",NA,0.57,0.1104,NA,"Scott2010"
"258","chloramphenicol","EQ2","M63 + Glc",NA,0.5,0.14544,NA,"Scott2010"
"259","chloramphenicol","EQ2","M63 + Glc",NA,0.39,0.17808,NA,"Scott2010"
"260","chloramphenicol","EQ2","M63 + Glc",NA,0.3,0.192,NA,"Scott2010"
"261","chloramphenicol","EQ2","M63 + Glc",NA,0.23,0.23808,NA,"Scott2010"
"262","chloramphenicol","EQ2","cAA + Glyc",NA,0.71,0.10752,NA,"Scott2010"
"263","chloramphenicol","EQ2","cAA + Glyc",NA,0.57,0.15024,NA,"Scott2010"
"264","chloramphenicol","EQ2","cAA + Glyc",NA,0.38,0.2088,NA,"Scott2010"
"265","chloramphenicol","EQ2","cAA + Glyc",NA,0.23,0.22704,NA,"Scott2010"
"266","chloramphenicol","EQ2","cAA + Glyc",NA,0.14,0.25152,NA,"Scott2010"
"267","chloramphenicol","EQ2","cAA + Glc",NA,1,0.13776,NA,"Scott2010"
"268","chloramphenicol","EQ2","cAA + Glc",NA,0.87,0.1632,NA,"Scott2010"
"269","chloramphenicol","EQ2","cAA + Glc",NA,0.67,0.17952,NA,"Scott2010"
"270","chloramphenicol","EQ2","cAA + Glc",NA,0.43,0.22608,NA,"Scott2010"
"271","chloramphenicol","EQ2","cAA + Glc",NA,0.28,0.27696,NA,"Scott2010"
"272","chloramphenicol","EQ2","RDM + Glyc",NA,1.31,0.19872,NA,"Scott2010"
"273","chloramphenicol","EQ2","RDM + Glyc",NA,0.9,0.22848,NA,"Scott2010"
"274","chloramphenicol","EQ2","RDM + Glyc",NA,0.46,0.29664,NA,"Scott2010"
"275","chloramphenicol","EQ2","RDM + Glyc",NA,0.2,0.3432,NA,"Scott2010"
"276","chloramphenicol","EQ2","RDM + Glyc",NA,0.11,0.3768,NA,"Scott2010"
"277","chloramphenicol","EQ2","RDM + Glc",NA,1.58,0.22368,NA,"Scott2010"
"278","chloramphenicol","EQ2","RDM + Glc",NA,1.18,0.24,NA,"Scott2010"
"279","chloramphenicol","EQ2","RDM + Glc",NA,0.89,0.28032,NA,"Scott2010"
"280","chloramphenicol","EQ2","RDM + Glc",NA,0.31,0.33168,NA,"Scott2010"
"281","chloramphenicol","EQ2","RDM + Glc",NA,0.13,0.36912,NA,"Scott2010"
"282","EQ353 calibration samples","EQ353","MOPS (Neidhardt)",NA,0.69,0.1280326104,0.054751978106,"Mori2021"
"283","EQ353 calibration samples","EQ353","MOPS (Neidhardt)",NA,0.69,0.1275409831,0.054540814188,"Mori2021"
"284","EQ353 calibration samples","EQ353","MOPS (Neidhardt)",NA,0.69,0.1253315292,0.05296678561,"Mori2021"
"285","EQ353 calibration samples","EQ353","MOPS (Neidhardt)",NA,0.73,0.1244301715,0.062415509928,"Mori2021"
"286","EQ353 calibration samples","EQ353","MOPS (Neidhardt)",NA,0.71,0.12714060983,0.062313258915,"Mori2021"
"287","EQ353 calibration samples","EQ353","MOPS (Neidhardt)",NA,0.71,0.12655523453,0.06380736785,"Mori2021"
"288","EQ353 calibration samples","EQ353","MOPS (Neidhardt)",NA,0.71,0.12689739236,0.067032715181,"Mori2021"
"289","nutrient conditions","NCM3722","M9",NA,0.91,0.15482231748,0.055772937693,"Mori2021"
"290","nutrient conditions","NQ1243","M9",NA,0.77,0.1450573883,0.054302264879,"Mori2021"
"291","nutrient conditions","NQ1243","M9",NA,0.69,0.1375085841,0.05242639821,"Mori2021"
"292","nutrient conditions","NQ1243","M9",NA,0.56,0.125203276,0.05277111666,"Mori2021"
"293","nutrient conditions","NQ1390","M9",NA,0.48,0.1096058038,0.050651398773,"Mori2021"
"294","nutrient conditions","NQ1390","M9",NA,0.35,0.09434325457,0.056898431585,"Mori2021"
"295","nutrient conditions","NQ1243","M9",NA,0.72,0.1387362259,0.053390999972,"Mori2021"
"296","nutrient conditions","NQ1243","M9",NA,0.56,0.1220921021,0.060285217957,"Mori2021"
"297","nutrient conditions","NQ1390","M9",NA,0.33,0.0929694813,0.0607426807777,"Mori2021"
"298","nutrient conditions","NQ1390","M9",NA,0.49,0.1117247338,0.056136127592,"Mori2021"
"299","nutrient conditions","NQ1243","M9",NA,0.81,0.1557449854,0.05354698795,"Mori2021"
"300","nutrient conditions","NQ1243","M9",NA,0.71,0.1410676151,0.05341621471,"Mori2021"
"301","nutrient conditions","NQ1243","M9",NA,0.55,0.1256405213,0.054183607413,"Mori2021"
"302","nutrient conditions","NQ1390","M9",NA,0.5,0.1149695987,0.049102618658,"Mori2021"
"303","nutrient conditions","NQ1390","M9",NA,0.34,0.0948841032,0.055834993083,"Mori2021"
"304","A-limitation","NQ393","M9",NA,0.22,0.0768811503,0.075865081789,"Mori2021"
"305","A-limitation","NQ393","M9",NA,0.36,0.0920915184,0.077556266734,"Mori2021"
"306","A-limitation","NQ393","M9",NA,0.54,0.10963924579,0.071576217149,"Mori2021"
"307","A-limitation","NQ393","M9",NA,0.67,0.1233652036,0.067549390624,"Mori2021"
"308","A-limitation","NQ393","M9",NA,0.91,0.15393338106,0.05967355416,"Mori2021"
"309","A-limitation","NQ393","M9",NA,0.89,0.15272171983,0.048115892919,"Mori2021"
"310","A-limitation","NQ393","M9",NA,0.84,0.15603578962,0.055151388239,"Mori2021"
"311","chloramphenicol","NCM3722","MOPS (Record's)",NA,0.98,0.15739674639,0.049430701483,"Mori2021"
"312","chloramphenicol","NCM3722","MOPS (Record's)",NA,0.79,0.17100688197,0.050386825148,"Mori2021"
"313","chloramphenicol","NCM3722","MOPS (Record's)",NA,0.61,0.19179885606,0.051217491903,"Mori2021"
"314","chloramphenicol","NCM3722","MOPS (Record's)",NA,0.49,0.21085504307,0.05332170043,"Mori2021"
"315","chloramphenicol","NCM3722","MOPS (Record's)",NA,0.36,0.2245347602,0.053971694531,"Mori2021"
"316","chloramphenicol","NCM3722","MOPS (Record's)",NA,0.98,0.15624631133,0.050814092261,"Mori2021"
"317","chloramphenicol","NCM3722","MOPS (Record's)",NA,0.97,0.15831803609,0.047134869444,"Mori2021"
